name,city,region
Robert Henley,birmingham,alabama
W. J. McDonald,birmingham,alabama
Thomas Tate,birmingham,alabama
Robert Henley,birmingham,alabama
James Robert Powell,birmingham,alabama
William Harrington Morris,birmingham,alabama
Henry M. Caldwell,birmingham,alabama
Thomas Jeffers,birmingham,alabama
A. O. Lane,birmingham,alabama
B. A. Thompson,birmingham,alabama
A. O. Lane,birmingham,alabama
David J. Fox,birmingham,alabama
James A. Van Hoose,birmingham,alabama
Frank V. Evans,birmingham,alabama
Mel Drennen,birmingham,alabama
George B. Ward,birmingham,alabama
Frank P. O&apos;Brien,birmingham,alabama
Culpepper Exum,birmingham,alabama
President of the Commission,birmingham,alabama
Albert Boutwell,birmingham,alabama
"George G. Siebels, Jr.",birmingham,alabama
David Vann,birmingham,alabama
Richard Arrington Jr.,birmingham,alabama
William A. Bell,birmingham,alabama
Bernard Kincaid,birmingham,alabama
Larry Langford,birmingham,alabama
Carole Smitherman,birmingham,alabama
Roderick Royal,birmingham,alabama
William A. Bell,birmingham,alabama
Randall Woodfin,birmingham,alabama
Culpepper Exum,birmingham,alabama
George B. Ward,birmingham,alabama
Nathaniel A. Barrett,birmingham,alabama
David E. McClendon,birmingham,alabama
"James M. Jones, Jr.",birmingham,alabama
Cooper Green,birmingham,alabama
James W. Morgan,birmingham,alabama
Art Hanes,birmingham,alabama
Nicholas Pope,huntsville,alabama
John Brahan,huntsville,alabama
Benjamin Pope,huntsville,alabama
John Read,huntsville,alabama
John W. Tilfordy,huntsville,alabama
John Boardman,huntsville,alabama
William B. Long,huntsville,alabama
John Boardman,huntsville,alabama
Thomas Humes,huntsville,alabama
John H. Lewis,huntsville,alabama
William H. Campbell,huntsville,alabama
John H. Lewis,huntsville,alabama
James G. Birney,huntsville,alabama
John Martin,huntsville,alabama
Samuel Cruse,huntsville,alabama
George Fearn,huntsville,alabama
Samuel Peete,huntsville,alabama
Samuel Peete,huntsville,alabama
Unknown,huntsville,alabama
Elisha H. Rice,huntsville,alabama
George P. Beirne,huntsville,alabama
Joseph Clark,huntsville,alabama
George P. Beirne,huntsville,alabama
Edwin R. Wallace,huntsville,alabama
William Echols Jr.,huntsville,alabama
Samuel Peete,huntsville,alabama
Joshua Beadle,huntsville,alabama
William Figures,huntsville,alabama
Zebulon P. Davis,huntsville,alabama
John J. Ward,huntsville,alabama
John James Coleman,huntsville,alabama
Zebulon P. Davis,huntsville,alabama
Robert W. Coltart,huntsville,alabama
Zebulon P. Davis,huntsville,alabama
Robert W. Colart,huntsville,alabama
E. B. Clapp,huntsville,alabama
William B. Figures,huntsville,alabama
William F. Mastin,huntsville,alabama
James L. Cooper,huntsville,alabama
John A. Erwin,huntsville,alabama
Jere Murphy,huntsville,alabama
Zebulon P. Davis,huntsville,alabama
Thomas W. White,huntsville,alabama
Edmond I. Mastin,huntsville,alabama
Jere Murphy,huntsville,alabama
W. T. Hutchens,huntsville,alabama
Jere Murphy,huntsville,alabama
Alfred Moore,huntsville,alabama
Thomas W. Smith,huntsville,alabama
R. Erle Smith,huntsville,alabama
Thomas W. Smith,huntsville,alabama
R. Erle Smith,huntsville,alabama
R. L. O'Neal,huntsville,alabama
Dr. J. D. Humphrey,huntsville,alabama
Milton H. Lanier,huntsville,alabama
T. T. Terry,huntsville,alabama
Henry B. Chase,huntsville,alabama
W. T. Hutchens,huntsville,alabama
Dr. Fraser L. Adams,huntsville,alabama
Aleck W. McAllister,huntsville,alabama
"R. B. ""Speck"" Searcy, Jr.",huntsville,alabama
Glenn Hearn,huntsville,alabama
Joe W. Davis,huntsville,alabama
Steve Hettinger,huntsville,alabama
Loretta Spencer,huntsville,alabama
Tommy Battle,huntsville,alabama
James Innerarity,mobile,alabama
Lewis Judson,mobile,alabama
James Innerarity,mobile,alabama
Daniel Duvol,mobile,alabama
Samuel H. Garrow,mobile,alabama
Daniel Duvol,mobile,alabama
Addin Lewis,mobile,alabama
John Elliott,mobile,alabama
Addin Lewis,mobile,alabama
Samuel Garrow,mobile,alabama
John Everett,mobile,alabama
Samuel Garrow,mobile,alabama
John Stocking,mobile,alabama
John Everett,mobile,alabama
George Washington Owen,mobile,alabama
George Walton,mobile,alabama
Henry Chamberlain,mobile,alabama
Edward Hall,mobile,alabama
Charles Hoppin,mobile,alabama
Blanton McAlpine,mobile,alabama
J.W. Childers,mobile,alabama
Charles Langdon,mobile,alabama
Joseph Seawell (c.1809-1883)[1],mobile,alabama
Charles Langdon,mobile,alabama
Mitchell Withers,mobile,alabama
John Forsyth,mobile,alabama
R.H. Slough,mobile,alabama
Mitchell Withers,mobile,alabama
Gustavus Horton,mobile,alabama
Caleb Price,mobile,alabama
George Harrington,mobile,alabama
Martin Horst,mobile,alabama
Gideon Parker,mobile,alabama
Cleveland F. Moulton,mobile,alabama
John Reid,mobile,alabama
Alphonse Hurtel,mobile,alabama
George Duffee,mobile,alabama
Richard Owen,mobile,alabama
Joe Rich,mobile,alabama
Constantine Lawrence Lavretta,mobile,alabama
John Bush,mobile,alabama
Tom Fry,mobile,alabama
Walter Walsh,mobile,alabama
Charles McClean,mobile,alabama
Pat Lyons,mobile,alabama
Robert O. Bostwick Jr.,mobile,alabama
Alfred Stokes,mobile,alabama
Colby J. Cooper,mobile,alabama
Samuel D. Holt ,montgomery,alabama
Jack Thorington,montgomery,alabama
Hardy Herbet,montgomery,alabama
Perez Coleman,montgomery,alabama
Nimrod E. Benson,montgomery,alabama
Edwin B. Harris,montgomery,alabama
Robert T. Davis,montgomery,alabama
Thomas Welsh,montgomery,alabama
Samuel D. Holt ,montgomery,alabama
Charles R. Hansford,montgomery,alabama
Andrew J. Noble,montgomery,alabama
J.F. Johnson,montgomery,alabama
Walter L. Coleman,montgomery,alabama
Thomas O. Glasscock,montgomery,alabama
H.E. Faber,montgomery,alabama
Mordecai L. Moses,montgomery,alabama
J.B. Gaston,montgomery,alabama
W.S. Reese,montgomery,alabama
Edward A. Graham,montgomery,alabama
"John G. Crommelin, Sr.",montgomery,alabama
John H. Clisby,montgomery,alabama
E.B. Joseph,montgomery,alabama
Thomas H. Carr,montgomery,alabama
W.M. Teague,montgomery,alabama
Gaston Gunter,montgomery,alabama
"W.A. Gunter, Jr. ",montgomery,alabama
W.T. Robertson,montgomery,alabama
"W.A. Gunter, Jr. ",montgomery,alabama
Cyrus B. Brown,montgomery,alabama
David E. Dunn,montgomery,alabama
John L. Goodwyn,montgomery,alabama
,montgomery,alabama
Earl D. James,montgomery,alabama
Jim Robinson,montgomery,alabama
,montgomery,alabama
,montgomery,alabama
,montgomery,alabama
,montgomery,alabama
William R. Bolling,tuscaloosa,alabama
John Owen,tuscaloosa,alabama
Wm. R. Smith,tuscaloosa,alabama
Robt. S. Inge,tuscaloosa,alabama
D. Henry Robinson,tuscaloosa,alabama
Robert Blair,tuscaloosa,alabama
James L. Childress,tuscaloosa,alabama
Joseph C. Guild,tuscaloosa,alabama
David Woodruff,tuscaloosa,alabama
L. S. Skinner,tuscaloosa,alabama
Robert Lacey,tuscaloosa,alabama
Jesse E. Adams,tuscaloosa,alabama
Obediah Berry,tuscaloosa,alabama
Joseph C. Guild,tuscaloosa,alabama
S. B. Smith,tuscaloosa,alabama
John S. Garvin,tuscaloosa,alabama
Josiah J. Pegues,tuscaloosa,alabama
T. F. Samuel,tuscaloosa,alabama
John J. Harris,tuscaloosa,alabama
William C. Jemison,tuscaloosa,alabama
John C. Pearson,tuscaloosa,alabama
Luther Davis,tuscaloosa,alabama
J. S. Robertson,tuscaloosa,alabama
J. Hal McCall,tuscaloosa,alabama
George Van Tassel,tuscaloosa,alabama
Alvin P. DuPont,tuscaloosa,alabama
Walter Maddox,tuscaloosa,alabama
Leopold David,anchorage,alaska
M. Joseph Conroy,anchorage,alaska
Charles Bush,anchorage,alaska
Chris M. Eckmann,anchorage,alaska
Will Clayson,anchorage,alaska
Grant Reed,anchorage,alaska
James Delaney,anchorage,alaska
Oscar S. Gill,anchorage,alaska
Thomas J. McCroskey,anchorage,alaska
Oscar S. Gill,anchorage,alaska
Herbert E. Brown,anchorage,alaska
Joseph H. Romig,anchorage,alaska
Herbert E. Brown,anchorage,alaska
George Vaara,anchorage,alaska
William Alex Stolt,anchorage,alaska
Ray Wolfe,anchorage,alaska
John E. Manders,anchorage,alaska
"Winfield Ervin, Jr.",anchorage,alaska
Francis C. Bowden,anchorage,alaska
Zachariah J. Loussac,anchorage,alaska
"Maynard L. Taylor, Jr.",anchorage,alaska
Ken Hinchey,anchorage,alaska
Anton Anderson,anchorage,alaska
Hewitt Lounsbury,anchorage,alaska
George Byer,anchorage,alaska
George Sharrock,anchorage,alaska
Elmer E. Rasmuson,anchorage,alaska
George M. Sullivan,anchorage,alaska
John Asplund,anchorage,alaska
&quot;Jack&quot; Roderick,anchorage,alaska
George M. Sullivan,anchorage,alaska
Tony Knowles,anchorage,alaska
Tom Fink,anchorage,alaska
Rick Mystrom,anchorage,alaska
George Wuerch,anchorage,alaska
Mark Begich,anchorage,alaska
Matt Claman,anchorage,alaska
Daniel A. Sullivan,anchorage,alaska
Ethan Berkowitz,anchorage,alaska
George Hazelet,cordova,alaska
Will H. Chase,cordova,alaska
Austin E. Lathrop,cordova,alaska
Will H. Chase,cordova,alaska
Richard Davis,cordova,alaska
Barney Anderson,cordova,alaska
John Stotera LeFevre,cordova,alaska
Melvin Soder,cordova,alaska
Arthur P. Knight,cordova,alaska
Jim Poor,cordova,alaska
Erling Johansen,cordova,alaska
Bob Van Brocklin,cordova,alaska
Kelly Weaverling,cordova,alaska
Margy Johnson,cordova,alaska
Ed Zeine,cordova,alaska
Margy Johnson,cordova,alaska
Nancy Bird,cordova,alaska
Timothy L. Joyce,cordova,alaska
James Kallander,cordova,alaska
Jim Kasch,cordova,alaska
Clay Koplin,cordova,alaska
Jim Matherly,fairbanks,alaska
John Eberhart,fairbanks,alaska
Jerry Cleworth,fairbanks,alaska
Terry Strle,fairbanks,alaska
Steve M. Thompson,fairbanks,alaska
James C. Hayes,fairbanks,alaska
Wayne S. Nelson,fairbanks,alaska
James D. Nordale,fairbanks,alaska
Bill Walley,fairbanks,alaska
Ruth E. Burnett,fairbanks,alaska
William Ransom Wood,fairbanks,alaska
Harold Gillam,fairbanks,alaska
Julian C. Rice,fairbanks,alaska
"Henry Aristide ""Red"" Boucher",fairbanks,alaska
Sylvia Ringstad,fairbanks,alaska
Darrell Brewington,fairbanks,alaska
Joseph M. Ribar,fairbanks,alaska
Paul B. Haggland,fairbanks,alaska
Douglas Preston,fairbanks,alaska
Ralph J. Rivers,fairbanks,alaska
Robert Hoopes,fairbanks,alaska
Maurice Johnson,fairbanks,alaska
Ray Kohler,fairbanks,alaska
Alfeld Hjalmar Nordale,fairbanks,alaska
Howard G. Hughes,fairbanks,alaska
William Growden,fairbanks,alaska
Arthur Leslie Nerland,fairbanks,alaska
E.B. Collins,fairbanks,alaska
Arnold Nordale,fairbanks,alaska
Jessie F. Bryant,fairbanks,alaska
Dr. Frank De La Vergne,fairbanks,alaska
Thomas A. Marquam,fairbanks,alaska
R.W. Ferguson,fairbanks,alaska
C.H. Woodward,fairbanks,alaska
A.L. Wilbur,fairbanks,alaska
E.E. Suter,fairbanks,alaska
Henry T. Ray,fairbanks,alaska
G.M. Smith,fairbanks,alaska
R.R. Meyers,fairbanks,alaska
Andrew Nerland,fairbanks,alaska
Murray C. Smith,fairbanks,alaska
E.C. Heacock,fairbanks,alaska
Dan Driscoll,fairbanks,alaska
F.S. Gordon,fairbanks,alaska
A.J. Nordale,fairbanks,alaska
Mel Sabin,fairbanks,alaska
Joseph Smith,fairbanks,alaska
Fred Carter,fairbanks,alaska
J. Barrack,fairbanks,alaska
B.D. Mills,fairbanks,alaska
E.T. Barnette,fairbanks,alaska
Karl Kassel,fairbanks,alaska
Luke T. Hopkins,fairbanks,alaska
Jim Whitaker,fairbanks,alaska
Rhonda Boyles,fairbanks,alaska
Hank Hove,fairbanks,alaska
Jim Sampson,fairbanks,alaska
Juanita Helms,fairbanks,alaska
Bill Allen,fairbanks,alaska
John A. Carlson,fairbanks,alaska
Harold Gillam,fairbanks,alaska
John D. Schleppegrell,fairbanks,alaska
John Maloney,juneau,alaska
Arthur Delaney,juneau,alaska
George Forrest,juneau,alaska
O. H. Adsit,juneau,alaska
George Forrest,juneau,alaska
John Maloney,juneau,alaska
Herman Tripp,juneau,alaska
George Forrest,juneau,alaska
Emery Valentine,juneau,alaska
Harry Bishop,juneau,alaska
Charles Carter,juneau,alaska
John Reck,juneau,alaska
Benjamin D. Stewart,juneau,alaska
Emery Valentine,juneau,alaska
J. Latimer Gray,juneau,alaska
R. E. Robertson,juneau,alaska
Isadore Goldstein,juneau,alaska
J. J. Connors,juneau,alaska
Thomas Judson,juneau,alaska
Isadore Goldstein,juneau,alaska
Thomas Judson,juneau,alaska
Harry Lucas,juneau,alaska
A. B. Hayes,juneau,alaska
Ernest Parsons,juneau,alaska
Waino Hendrickson,juneau,alaska
Bert McDowell,juneau,alaska
M. L. &quot;Molly&quot; MacSpadden,juneau,alaska
Lauris Parker,juneau,alaska
J. Wayne Johnson,juneau,alaska
A. W. Boddy,juneau,alaska
Lauris Parker,juneau,alaska
Timothy O&apos;Day,juneau,alaska
Joseph George,juneau,alaska
Joseph McLean,juneau,alaska
Charles Hopp,juneau,alaska
Frank Bach,juneau,alaska
Charles Hopp,juneau,alaska
William Stubbins,juneau,alaska
M. S. Hudson,juneau,alaska
M. J. O&apos;Connor,juneau,alaska
William Stubbins,juneau,alaska
M. J. O&apos;Connor,juneau,alaska
Peter Johnson,juneau,alaska
M. J. O&apos;Connor,juneau,alaska
Elmer Smith,juneau,alaska
F. A. J. Gallwas,juneau,alaska
James Cristae,juneau,alaska
F. A. J. Gallwas,juneau,alaska
J. O. Kirkham,juneau,alaska
Neis Anderson,juneau,alaska
J. R. Guerin,juneau,alaska
L. W. Kilburn,juneau,alaska
John Feusi,juneau,alaska
Guy Smith,juneau,alaska
Albert Goetz,juneau,alaska
L. W. Kilburn,juneau,alaska
"Robert Bonner, Jr.",juneau,alaska
Erwin Hachmiester,juneau,alaska
Elton Engstrom,juneau,alaska
James Parsons,juneau,alaska
Marcus Jensen,juneau,alaska
Mike Pusich,juneau,alaska
William Boehl,juneau,alaska
Marcus Jensen,juneau,alaska
Guy Russo,juneau,alaska
Robert Savikko,juneau,alaska
"<a href=""/wiki/Iliaz_Vrioni"" title=""Iliaz Vrioni"">Iliaz Vrioni</a>",berat,albania
Yzedin Vrioni,berat,albania
Seit Vrioni,berat,albania
Yzedin Vrioni,berat,albania
Xhevdet Mehqemeja,berat,albania
"<a href=""/wiki/Dhimit%C3%ABr_Tutulani"" title=""Dhimit&#xEB;r Tutulani"">Dhimit&#xEB;r Tutulani</a>",berat,albania
Yzedin Vrioni,berat,albania
Neki Starova,berat,albania
Yzedin Vrioni,berat,albania
Neki Starova,berat,albania
Abdyl Dilaveri,berat,albania
Tef Nara&#xE7;i,berat,albania
Yzedin Vrioni,berat,albania
Zenel Prodani,berat,albania
Yzedin Vrioni,berat,albania
Zenel Prodani,berat,albania
Ylli Ruli,berat,albania
Milika Jaho,berat,albania
Nikollaq Mata,berat,albania
Fadil Nasufi,berat,albania
Petrit Sinaj,berat,albania
Etem Osmani,devoll,albania
Etem Osmani,devoll,albania
Etem Osmani,devoll,albania
Faik Babani,devoll,albania
Sali Shehu,devoll,albania
Shefqet Fifo,devoll,albania
Myftar Grabocka,devoll,albania
Shefqet Fifo,devoll,albania
Myzafer Sulejmani,devoll,albania
Meleq Babani,devoll,albania
Gjergj Grazhdani,devoll,albania
Shp&#xEB;tim Qyta,devoll,albania
Besnik Diko,devoll,albania
Avdyl Spaho,devoll,albania
Arben Graca,devoll,albania
Valter Miza,devoll,albania
Bledjon Nallbati,devoll,albania
Shehat Shehu,dib%c3%abr,albania
Sul Shehu,dib%c3%abr,albania
Adem Isai,dib%c3%abr,albania
Sul Shehu,dib%c3%abr,albania
Saledin Zavalani,dib%c3%abr,albania
Shefqet &#xC7;ela,dib%c3%abr,albania
Kadri Rrapi,dib%c3%abr,albania
Mentor Bunguri,dib%c3%abr,albania
Bajram Krashi,dib%c3%abr,albania
Ilir Krosi,dib%c3%abr,albania
Shukri Xhelili,dib%c3%abr,albania
Muharrem Rama,dib%c3%abr,albania
Hafiz Podgorica,durr%c3%abs,albania
Mehmet Gruda,durr%c3%abs,albania
Kosta Paftali,durr%c3%abs,albania
Hysen Myshteka,durr%c3%abs,albania
Jahja Ballhysa,durr%c3%abs,albania
Abedin Nepravishta,durr%c3%abs,albania
Ahmet Dakli,durr%c3%abs,albania
Rustem Ymeri,durr%c3%abs,albania
Shefqet &#xC7;elkupa,durr%c3%abs,albania
Llazar Tuni,durr%c3%abs,albania
Spiro Truja,durr%c3%abs,albania
Mahmut &#xC7;ela,durr%c3%abs,albania
Nikoll&#xEB; Tirana,durr%c3%abs,albania
Qirjako Notidhi,durr%c3%abs,albania
Vlash Prifti,durr%c3%abs,albania
Nasi Driza,durr%c3%abs,albania
Zeqir Duma,durr%c3%abs,albania
Petraq Titani,durr%c3%abs,albania
Haki Kokomani,durr%c3%abs,albania
Ramazan Vogli,durr%c3%abs,albania
Bajram Thermia,durr%c3%abs,albania
Halit Nova,durr%c3%abs,albania
Bajram Hasa,durr%c3%abs,albania
Mihallaq Bushamaku,durr%c3%abs,albania
Sotir Luarasi,durr%c3%abs,albania
Ymer Balla,durr%c3%abs,albania
Petraq Koto,durr%c3%abs,albania
Nevruz &#xC7;ela,durr%c3%abs,albania
Shk&#xEB;lzen Jakova,durr%c3%abs,albania
Tomor Golemi,durr%c3%abs,albania
Arqile Gorea,durr%c3%abs,albania
Miri Hoti,durr%c3%abs,albania
"<a href=""/wiki/Lefter_Koka"" title=""Lefter Koka"">Lefter Koka</a>",durr%c3%abs,albania
"<a href=""/wiki/Vangjush_Dako"" title=""Vangjush Dako"">Vangjush Dako</a>",durr%c3%abs,albania
Alush Sara&#xE7;i,elbasan,albania
Fuat Bi&#xE7;aku,elbasan,albania
Hysen Hostopalli,elbasan,albania
Ahmet Dakli,elbasan,albania
Xhaferr Dardha,elbasan,albania
Tajar Tetova,elbasan,albania
Kasem Sejdini,elbasan,albania
"<a href=""/wiki/Lef_Nosi"" title=""Lef Nosi"">Lef Nosi</a>",elbasan,albania
Benexhet Hydi,elbasan,albania
Nazef Basha,elbasan,albania
Rustem Ymeri,elbasan,albania
Abdyl Dilaveri,elbasan,albania
Hasan Bi&#xE7;aku,elbasan,albania
Ahmet Dakli,elbasan,albania
"<a href=""/wiki/Qemal_Karaosmani"" title=""Qemal Karaosmani"">Qemal Karaosmani</a>",elbasan,albania
Ymer Sara&#xE7;i,elbasan,albania
Refik Bekteshi,elbasan,albania
Emin Haxhiademi,elbasan,albania
Engj&#xEB;ll Dakli,elbasan,albania
Hysen Domi,elbasan,albania
Ardian Turku,elbasan,albania
Qazim Sejdini,elbasan,albania
Shahsivar Alltuni,kavaj%c3%ab,albania
Mustafa Cara,kavaj%c3%ab,albania
Qazim Hydi,kavaj%c3%ab,albania
,kavaj%c3%ab,albania
Selim Veizi,kavaj%c3%ab,albania
Tofik Dervishi,kavaj%c3%ab,albania
Hysen Arkaxhiu,kavaj%c3%ab,albania
Islam Veliu,kavaj%c3%ab,albania
"<a href=""/wiki/Refik_Rrug%C3%ABja"" title=""Refik Rrug&#xEB;ja"">Refik Rrug&#xEB;ja</a>",kavaj%c3%ab,albania
"<a href=""/wiki/Elvis_Rroshi"" title=""Elvis Rroshi"">Elvis Rroshi</a>",kavaj%c3%ab,albania
"<a href=""/wiki/Isa_Sakja"" title=""Isa Sakja"">Isa Sakja</a>",kavaj%c3%ab,albania
Gjergj Gjinko,kor%c3%a7%c3%ab,albania
Robert Kotmilo,kor%c3%a7%c3%ab,albania
Gjergj Duro,kor%c3%a7%c3%ab,albania
Robert Damo,kor%c3%a7%c3%ab,albania
"<a href=""/wiki/Niko_Peleshi"" title=""Niko Peleshi"">Niko Peleshi</a>",kor%c3%a7%c3%ab,albania
Sotiraq Filo,kor%c3%a7%c3%ab,albania
Shefqet &#xC7;ela,kuk%c3%abs,albania
Abedin Budinaku,kuk%c3%abs,albania
Tahir Kolgjini,kuk%c3%abs,albania
Xhaferr Bislimi,kuk%c3%abs,albania
Qemal Parllaku,kuk%c3%abs,albania
Safet Sula,kuk%c3%abs,albania
Ylber Zeneli,kuk%c3%abs,albania
Osman Elezi,kuk%c3%abs,albania
Hasan Halilaj,kuk%c3%abs,albania
Bashkim Shehu,kuk%c3%abs,albania
Agron Dibra,lezh%c3%ab,albania
Njazi Re&#xE7;i,lezh%c3%ab,albania
Gjok&#xEB; Jaku,lezh%c3%ab,albania
Viktor Tushaj,lezh%c3%ab,albania
Fran Frrokaj,lezh%c3%ab,albania
Perlat Ram&#xE7;aj,mal%c3%absi_e_madhe,albania
Islam Semanaj,mal%c3%absi_e_madhe,albania
Bahri Shabani,mal%c3%absi_e_madhe,albania
Perlat Ram&#xE7;aj,mal%c3%absi_e_madhe,albania
Ramadan Likaj,mal%c3%absi_e_madhe,albania
Tonin Marinaj,mal%c3%absi_e_madhe,albania
Dhimit&#xEB;r Nasi,p%c3%abrmet,albania
Spartak Kondi,p%c3%abrmet,albania
Ani Kote,p%c3%abrmet,albania
Petrit Bregasi,p%c3%abrmet,albania
Edmond Komino,p%c3%abrmet,albania
Gilberto Jace,p%c3%abrmet,albania
Niko Shupuli,p%c3%abrmet,albania
Halit Topalli,puk%c3%ab,albania
Halit Furriku,puk%c3%ab,albania
Ndue Cara,puk%c3%ab,albania
Rrustem Strugaj,puk%c3%ab,albania
Beqir Arifaj,puk%c3%ab,albania
Gjon Gjonaj,puk%c3%ab,albania
Muharrem Gjylbegu,shkod%c3%abr,albania
Musa Juka,shkod%c3%abr,albania
Muhamet Gjyrezi,shkod%c3%abr,albania
Kol Mjeda,shkod%c3%abr,albania
Mehmet Shpuza,shkod%c3%abr,albania
Rrustem Ymeri,shkod%c3%abr,albania
Izet Dibra,shkod%c3%abr,albania
Zenel Prodani,shkod%c3%abr,albania
Rrustem Ymeri,shkod%c3%abr,albania
Zenel Prodani,shkod%c3%abr,albania
Ndoc &#xC7;oba,shkod%c3%abr,albania
Mark Karrakiqi,shkod%c3%abr,albania
Zef Shiroka,shkod%c3%abr,albania
Loro Suma,shkod%c3%abr,albania
Zef Gjeta,shkod%c3%abr,albania
Dhimit&#xEB;r Bojaxhiu,shkod%c3%abr,albania
Shyqyri Hafizi,shkod%c3%abr,albania
Luigj Shala,shkod%c3%abr,albania
Hilmi Nurja,shkod%c3%abr,albania
Agim Dardha,shkod%c3%abr,albania
Filip Guraziu,shkod%c3%abr,albania
Bahri Bori&#xE7;i,shkod%c3%abr,albania
Ormir Rusi,shkod%c3%abr,albania
Artan Haxhi,shkod%c3%abr,albania
Lorenc Luka,shkod%c3%abr,albania
Voltana Ademi,shkod%c3%abr,albania
"<a href=""/wiki/Zyber_Hallulli"" title=""Zyber Hallulli"">Zyber Hallulli</a>",tirana,albania
"<a href=""/wiki/Servet_Libohova"" title=""Servet Libohova"">Servet Libohova</a>",tirana,albania
"<a href=""/wiki/Ismail_Ndroqi"" title=""Ismail Ndroqi"">Ismail Ndroqi</a>",tirana,albania
"<a href=""/wiki/Ali_Begeja"" title=""Ali Begeja"">Ali Begeja</a>",tirana,albania
"<a href=""/wiki/Ali_Derhemi"" title=""Ali Derhemi"">Ali Derhemi</a>",tirana,albania
Beqir Rusi,tirana,albania
"<a href=""/wiki/Xhemal_Kondi"" title=""Xhemal Kondi"">Xhemal Kondi</a>",tirana,albania
"<a href=""/wiki/Fuat_Toptani"" title=""Fuat Toptani"">Fuat Toptani</a>",tirana,albania
"<a href=""/wiki/Izet_Dibra"" title=""Izet Dibra"">Izet Dibra</a>",tirana,albania
Rasim Kallakulla,tirana,albania
"<a href=""/wiki/Rexhep_Jella"" title=""Rexhep Jella"">Rexhep Jella</a>",tirana,albania
"<a href=""/wiki/Abedin_Nepravishta"" title=""Abedin Nepravishta"">Abedin Nepravishta</a>",tirana,albania
"<a href=""/wiki/Qemal_Butka"" title=""Qemal Butka"">Qemal Butka</a>",tirana,albania
"<a href=""/wiki/Abedin_Nepravishta"" title=""Abedin Nepravishta"">Abedin Nepravishta</a>",tirana,albania
"<a href=""/wiki/Qazim_Mulleti"" title=""Qazim Mulleti"">Qazim Mulleti</a>",tirana,albania
Ali Er&#xEB;bara,tirana,albania
"<a href=""/wiki/Omer_Fortuzi"" class=""mw-redirect"" title=""Omer Fortuzi"">Omer Fortuzi</a>",tirana,albania
"<a href=""/wiki/Halil_Meniku"" class=""mw-redirect"" title=""Halil Meniku"">Halil Meniku</a>",tirana,albania
"<a href=""/wiki/Llazar_Treska"" title=""Llazar Treska"">Llazar Treska</a>",tirana,albania
Ali Bakiu,tirana,albania
"<a href=""/wiki/Ibrahim_Sina"" title=""Ibrahim Sina"">Ibrahim Sina</a>",tirana,albania
"<a href=""/wiki/Isuf_Ke%C3%A7i"" title=""Isuf Ke&#xE7;i"">Isuf Ke&#xE7;i</a>",tirana,albania
"<a href=""/wiki/Sabri_Pilkati"" title=""Sabri Pilkati"">Sabri Pilkati</a>",tirana,albania
"<a href=""/wiki/Pe%C3%A7o_Kagjini"" title=""Pe&#xE7;o Kagjini"">Pe&#xE7;o Kagjini</a>",tirana,albania
"<a href=""/wiki/Sami_Gjebero"" title=""Sami Gjebero"">Sami Gjebero</a>",tirana,albania
"<a href=""/wiki/Ibrahim_Sina"" title=""Ibrahim Sina"">Ibrahim Sina</a>",tirana,albania
"<a href=""/wiki/Sami_Gjebero"" title=""Sami Gjebero"">Sami Gjebero</a>",tirana,albania
"<a href=""/wiki/Rifat_Dedja"" title=""Rifat Dedja"">Rifat Dedja</a>",tirana,albania
Rexhep Guma,tirana,albania
"<a href=""/wiki/Sabri_Pilkati"" title=""Sabri Pilkati"">Sabri Pilkati</a>",tirana,albania
"<a href=""/wiki/Rifat_Dedja"" title=""Rifat Dedja"">Rifat Dedja</a>",tirana,albania
"<a href=""/wiki/Sabri_Pilkati"" title=""Sabri Pilkati"">Sabri Pilkati</a>",tirana,albania
"<a href=""/wiki/Abdyl_K%C3%ABllezi"" title=""Abdyl K&#xEB;llezi"">Abdyl K&#xEB;llezi</a>",tirana,albania
"<a href=""/wiki/Myqerem_Fuga"" title=""Myqerem Fuga"">Myqerem Fuga</a>",tirana,albania
"<a href=""/wiki/Ndue_Marashi"" title=""Ndue Marashi"">Ndue Marashi</a>",tirana,albania
"<a href=""/wiki/Nesip_Ibrahimi"" title=""Nesip Ibrahimi"">Nesip Ibrahimi</a>",tirana,albania
Pjet&#xEB;r Kosta,tirana,albania
Jashar Menzelxhiu,tirana,albania
"<a href=""/wiki/Llambi_Gegprifti"" title=""Llambi Gegprifti"">Llambi Gegprifti</a>",tirana,albania
"<a href=""/wiki/Leandro_Zoto"" title=""Leandro Zoto"">Leandro Zoto</a>",tirana,albania
"<a href=""/wiki/Llambi_Gegprifti"" title=""Llambi Gegprifti"">Llambi Gegprifti</a>",tirana,albania
"<a href=""/wiki/Tomor_Malasi"" title=""Tomor Malasi"">Tomor Malasi</a>",tirana,albania
"<a href=""/wiki/Sali_Kelmendi"" title=""Sali Kelmendi"">Sali Kelmendi</a>",tirana,albania
"<a href=""/wiki/Albert_Brojka"" title=""Albert Brojka"">Albert Brojka</a>",tirana,albania
"<a href=""/wiki/Edi_Rama"" title=""Edi Rama"">Edi Rama</a>",tirana,albania
"<a href=""/wiki/Lulzim_Basha"" title=""Lulzim Basha"">Lulzim Basha</a>",tirana,albania
"<a href=""/wiki/Erion_Veliaj"" title=""Erion Veliaj"">Erion Veliaj</a>",tirana,albania
Abas Mezini,vlor%c3%ab,albania
Ibrahim Abdullahu,vlor%c3%ab,albania
Osmen Haxhiu,vlor%c3%ab,albania
Ali Asllani,vlor%c3%ab,albania
Abas Mezini,vlor%c3%ab,albania
Qazim Kokoshi,vlor%c3%ab,albania
Nuredin Vlora,vlor%c3%ab,albania
Zyhdi Karagjozi,vlor%c3%ab,albania
Arshi Xhindi,vlor%c3%ab,albania
"<a href=""/wiki/Abedin_Nepravishta"" title=""Abedin Nepravishta"">Abedin Nepravishta</a>",vlor%c3%ab,albania
Tef Nara&#xE7;i,vlor%c3%ab,albania
Ali Asllani,vlor%c3%ab,albania
Kristaq Strati,vlor%c3%ab,albania
Nexhip Koka,vlor%c3%ab,albania
Enver Taraku,vlor%c3%ab,albania
Muhedin Haxhiu,vlor%c3%ab,albania
Elham Sharra,vlor%c3%ab,albania
G&#xEB;zim Zilja,vlor%c3%ab,albania
"Agron Shehu, Tare Hamo",vlor%c3%ab,albania
"David Tushe, Neki Dredha",vlor%c3%ab,albania
Niko Veizaj,vlor%c3%ab,albania
Shp&#xEB;tim Gjika,vlor%c3%ab,albania
Dritan Leli,vlor%c3%ab,albania
George Murdoch,calgary,alberta
George Clift King,calgary,alberta
Arthur Edwin Shelton,calgary,alberta
Daniel Webster Marsh,calgary,alberta
James Delamere Lafferty,calgary,alberta
James Reilly,calgary,alberta
Alexander Lucas,calgary,alberta
Wesley Fletcher Orr,calgary,alberta
Alexander McBride,calgary,alberta
Wesley Fletcher Orr (2nd time),calgary,alberta
Arthur Leslie Cameron,calgary,alberta
James Reilly (2nd time),calgary,alberta
William Henry Cushing,calgary,alberta
James Stuart Mackie,calgary,alberta
Thomas Underwood,calgary,alberta
Silas Alexander Ramsay,calgary,alberta
John Emerson,calgary,alberta
Arthur Leslie Cameron (2nd time),calgary,alberta
Reuben Rupert Jamieson,calgary,alberta
John William Mitchell,calgary,alberta
Herbert Arthur Sinnott,calgary,alberta
Michael Copps Costello,calgary,alberta
Robert Colin Marshall,calgary,alberta
Samuel Hunter Adams,calgary,alberta
George Harry Webster,calgary,alberta
Frederick Ernest Osborne,calgary,alberta
Andrew Davison,calgary,alberta
James Cameron Watson,calgary,alberta
Donald Hugh Mackay,calgary,alberta
Harry William Hays,calgary,alberta
John Walter Grant MacEwan,calgary,alberta
John Clifford Leslie,calgary,alberta
James Rodney Winter Sykes,calgary,alberta
Ross Patterson Alger,calgary,alberta
Ralph Phillip Klein,calgary,alberta
Donald Adam Hartman,calgary,alberta
Alfred Herman Duerr,calgary,alberta
David Thomas Bronconnier,calgary,alberta
Naheed Kurban Nenshi,calgary,alberta
Matthew McCauley (politician),edmonton,alberta
Herbert Charles Wilson,edmonton,alberta
Cornelius Gallagher (Canadian politician),edmonton,alberta
John Alexander McDougall,edmonton,alberta
William S. Edmiston,edmonton,alberta
Kenneth W. MacKenzie,edmonton,alberta
William Short (Alberta politician),edmonton,alberta
Kenneth W. MacKenzie,edmonton,alberta
Charles May (Alberta politician),edmonton,alberta
William Antrobus Griesbach,edmonton,alberta
John Alexander McDougall,edmonton,alberta
Robert Lee (Canadian politician),edmonton,alberta
George S. Armstrong,edmonton,alberta
William Short (Alberta politician),edmonton,alberta
William J. McNamara,edmonton,alberta
William Thomas Henry,edmonton,alberta
Harry Marshall Erskine Evans,edmonton,alberta
Joseph Clarke (politician),edmonton,alberta
David Milwyn Duggan,edmonton,alberta
Kenny Blatchford,edmonton,alberta
Ambrose Bury,edmonton,alberta
James McCrie Douglas,edmonton,alberta
Dan Knott,edmonton,alberta
Joseph Clarke (politician),edmonton,alberta
John Wesley Fry,edmonton,alberta
Harry Ainlay,edmonton,alberta
Sidney Parsons,edmonton,alberta
William Hawrelak,edmonton,alberta
Frederick John Mitchell,edmonton,alberta
Elmer Ernest Roper,edmonton,alberta
William Hawrelak,edmonton,alberta
Vincent Dantzer,edmonton,alberta
Ivor Dent,edmonton,alberta
William Hawrelak,edmonton,alberta
Terry Cavanagh (politician),edmonton,alberta
Cec Purves,edmonton,alberta
Laurence Decore,edmonton,alberta
Terry Cavanagh (politician),edmonton,alberta
Jan Reimer,edmonton,alberta
Bill Smith (Alberta politician),edmonton,alberta
Stephen Mandel,edmonton,alberta
Don Iveson,edmonton,alberta
William Ford Langworthy,fort_saskatchewan,alberta
H.G. McAvoy,fort_saskatchewan,alberta
H.E. Daniel,fort_saskatchewan,alberta
Peter Aylen,fort_saskatchewan,alberta
A.M. Sutherland,fort_saskatchewan,alberta
S.O. Jones,fort_saskatchewan,alberta
James Graham,fort_saskatchewan,alberta
John W. Kidney,fort_saskatchewan,alberta
Ray E. Staples,fort_saskatchewan,alberta
Arnold Carscadden,fort_saskatchewan,alberta
A.M. Sutherland,fort_saskatchewan,alberta
Robert Hunter,fort_saskatchewan,alberta
William H. Nobby) White,fort_saskatchewan,alberta
G.T. Montgomery,fort_saskatchewan,alberta
A.H. Rogers,fort_saskatchewan,alberta
W.A. Bill) Graham,fort_saskatchewan,alberta
Peter A. Moret,fort_saskatchewan,alberta
C.R.W. Dick) Mager,fort_saskatchewan,alberta
Charles Lowe,fort_saskatchewan,alberta
David Mackie,fort_saskatchewan,alberta
Charles Lowe,fort_saskatchewan,alberta
Carl Hennig,fort_saskatchewan,alberta
Cliff Curry,fort_saskatchewan,alberta
B. Knowles,fort_saskatchewan,alberta
Walter Sherman,fort_saskatchewan,alberta
John Lupul,fort_saskatchewan,alberta
Henry Powell,fort_saskatchewan,alberta
Muriel Abdurahman,fort_saskatchewan,alberta
Pryce Alderson,fort_saskatchewan,alberta
Ken Hodgins,fort_saskatchewan,alberta
Jim Sheasgreen,fort_saskatchewan,alberta
Gale Katchur,fort_saskatchewan,alberta
Charles Alexander Magrath,lethbridge,alberta
Harry H. Bentley,lethbridge,alberta
Thomas McNabb,lethbridge,alberta
William Colpman,lethbridge,alberta
Harry Bentley,lethbridge,alberta
Frank Hamilton Mewburn,lethbridge,alberta
William Oliver,lethbridge,alberta
Frank Hamilton Mewburn,lethbridge,alberta
George Rogers,lethbridge,alberta
Walter S. Galbraith,lethbridge,alberta
William Henderson,lethbridge,alberta
Elias Adams,lethbridge,alberta
George M. Hatch,lethbridge,alberta
W. D. L. Hardie,lethbridge,alberta
Robert Barrowman,lethbridge,alberta
David Horton Elton,lethbridge,alberta
Alfred W. Shackleford,lethbridge,alberta
John A. Jardine,lethbridge,alberta
Louis Sherman Turcotte,lethbridge,alberta
Alfred W. Shackleford,lethbridge,alberta
T. R. Haig,lethbridge,alberta
Alfred W. Shackleford,lethbridge,alberta
E. C. Lonsdale,lethbridge,alberta
Frank Sherring,lethbridge,alberta
A. C. Anderson,lethbridge,alberta
David B. Carpenter,lethbridge,alberta
Bob Tarleck,lethbridge,alberta
Rajko Dodic,lethbridge,alberta
Chris Spearman,lethbridge,alberta
Peter Rafa,mayors_in_alberta,alberta
Bruce McLeod,mayors_in_alberta,alberta
Peter Brown,mayors_in_alberta,alberta
Jim Benedict,mayors_in_alberta,alberta
Arlene E. Nelson,mayors_in_alberta,alberta
Dell Wickstrom,mayors_in_alberta,alberta
Mervin Anholt,mayors_in_alberta,alberta
Heather Tait,mayors_in_alberta,alberta
Donald Oborowsky,mayors_in_alberta,alberta
Matt Crane,mayors_in_alberta,alberta
Roger Morrill,mayors_in_alberta,alberta
Doris Splane,mayors_in_alberta,alberta
Karen Sorensen,mayors_in_alberta,alberta
Jane Jensen,mayors_in_alberta,alberta
Ed Weistra,mayors_in_alberta,alberta
Gerry St. Pierre,mayors_in_alberta,alberta
Doug Drozd,mayors_in_alberta,alberta
Penny Shantz,mayors_in_alberta,alberta
Tom Rose,mayors_in_alberta,alberta
Leonard Thompson,mayors_in_alberta,alberta
John Stewart,mayors_in_alberta,alberta
Kevin Smook,mayors_in_alberta,alberta
Leona Hanson,mayors_in_alberta,alberta
Ray Courtman,mayors_in_alberta,alberta
Greg Rathjen,mayors_in_alberta,alberta
Ron Longtin,mayors_in_alberta,alberta
Rob Dickie,mayors_in_alberta,alberta
Ken Matthews,mayors_in_alberta,alberta
Ken Johnson,mayors_in_alberta,alberta
Dene Cooper,mayors_in_alberta,alberta
Eugene Dugan,mayors_in_alberta,alberta
Marvin Doran,mayors_in_alberta,alberta
Thom Jewell,mayors_in_alberta,alberta
Charlie Debnam,mayors_in_alberta,alberta
Glen Fagan,mayors_in_alberta,alberta
Richard Poole,mayors_in_alberta,alberta
Randy Boyd,mayors_in_alberta,alberta
Tyler Lindsay,mayors_in_alberta,alberta
Gene Sobolewski,mayors_in_alberta,alberta
Grant Ferbey,mayors_in_alberta,alberta
Ed Rondeau,mayors_in_alberta,alberta
Flo Iskiw,mayors_in_alberta,alberta
Gordon Reynolds,mayors_in_alberta,alberta
Robb Stuart,mayors_in_alberta,alberta
Bob Clark,mayors_in_alberta,alberta
Bart Guyon,mayors_in_alberta,alberta
James Alan Barker,mayors_in_alberta,alberta
Bill Prentice,mayors_in_alberta,alberta
Karl Hauch,mayors_in_alberta,alberta
Horace Patenaude,mayors_in_alberta,alberta
Harold Esche,mayors_in_alberta,alberta
Naheed Nenshi,mayors_in_alberta,alberta
Wally Yachimetz,mayors_in_alberta,alberta
Norman Mayer,mayors_in_alberta,alberta
Don Gregorwich,mayors_in_alberta,alberta
John Borrowman,mayors_in_alberta,alberta
Guss Nash,mayors_in_alberta,alberta
Maggie Kronen,mayors_in_alberta,alberta
James Bester,mayors_in_alberta,alberta
Kym Nichols,mayors_in_alberta,alberta
Rachele Peters,mayors_in_alberta,alberta
Lance Colby,mayors_in_alberta,alberta
Cornelia Helland,mayors_in_alberta,alberta
Garry DeVloo,mayors_in_alberta,alberta
Tami Olds,mayors_in_alberta,alberta
James F. Smith,mayors_in_alberta,alberta
Jack Goodall,mayors_in_alberta,alberta
Marshall Chalmers,mayors_in_alberta,alberta
Jim Palmer,mayors_in_alberta,alberta
Rob Steel,mayors_in_alberta,alberta
Jason Ruecker,mayors_in_alberta,alberta
Pat Alexander,mayors_in_alberta,alberta
Anita Gillard,mayors_in_alberta,alberta
Doug Nyal,mayors_in_alberta,alberta
Kim Craig,mayors_in_alberta,alberta
Dennis Cassie,mayors_in_alberta,alberta
Jeff Genung,mayors_in_alberta,alberta
Craig Copeland,mayors_in_alberta,alberta
Tony Owens,mayors_in_alberta,alberta
Mark Stannard,mayors_in_alberta,alberta
Thomas Butler,mayors_in_alberta,alberta
Garry Hackler,mayors_in_alberta,alberta
Timothy Hagen,mayors_in_alberta,alberta
Nathan Anderson,mayors_in_alberta,alberta
Blair Painter,mayors_in_alberta,alberta
Ian Rawlinson,mayors_in_alberta,alberta
Darcy Geigle,mayors_in_alberta,alberta
Angela Large,mayors_in_alberta,alberta
Gail Watt,mayors_in_alberta,alberta
Ray Rechseidler,mayors_in_alberta,alberta
Dawn Bancroft,mayors_in_alberta,alberta
Ray Ralph,mayors_in_alberta,alberta
Ken Haney,mayors_in_alberta,alberta
Rhonda Hunter,mayors_in_alberta,alberta
Dan Knudtson,mayors_in_alberta,alberta
Myrna Lanctot,mayors_in_alberta,alberta
Michael James Doerksen,mayors_in_alberta,alberta
Heather Colberg,mayors_in_alberta,alberta
Bruce Snape,mayors_in_alberta,alberta
Gerald Cunningham,mayors_in_alberta,alberta
Helen Posti,mayors_in_alberta,alberta
Colleen Wack,mayors_in_alberta,alberta
Barbara Sjoquist,mayors_in_alberta,alberta
Don Iveson,mayors_in_alberta,alberta
Kevin Zahara,mayors_in_alberta,alberta
Irene Zimmer,mayors_in_alberta,alberta
Parrish Tung,mayors_in_alberta,alberta
Leah Nelson,mayors_in_alberta,alberta
Chad Van Dam,mayors_in_alberta,alberta
Gordon MacLeod,mayors_in_alberta,alberta
Ernie Newman,mayors_in_alberta,alberta
Donna Buchinski,mayors_in_alberta,alberta
Marvin Jassman,mayors_in_alberta,alberta
Terry Parenteau,mayors_in_alberta,alberta
Gerald Kuefler,mayors_in_alberta,alberta
Larry Spilak,mayors_in_alberta,alberta
Kenneth Kultgen,mayors_in_alberta,alberta
Peter V. Miller,mayors_in_alberta,alberta
Rene Gendre,mayors_in_alberta,alberta
Gale Katchur,mayors_in_alberta,alberta
Bryne Lengyel,mayors_in_alberta,alberta
James Ahn,mayors_in_alberta,alberta
Fred Entwisle,mayors_in_alberta,alberta
John Walsh,mayors_in_alberta,alberta
Doug J. Horner,mayors_in_alberta,alberta
Howard Shaw,mayors_in_alberta,alberta
Carmen Ewing,mayors_in_alberta,alberta
Laura Papirny,mayors_in_alberta,alberta
Benjamin Goetz,mayors_in_alberta,alberta
Randal Kayp,mayors_in_alberta,alberta
Herb Castle,mayors_in_alberta,alberta
Bill Given,mayors_in_alberta,alberta
Leanne Beaupre,mayors_in_alberta,alberta
Donald Davidson,mayors_in_alberta,alberta
Crystal Wilde,mayors_in_alberta,alberta
Dale Gervais,mayors_in_alberta,alberta
Bob Regal,mayors_in_alberta,alberta
Linda D'Angelo,mayors_in_alberta,alberta
Edward Hiscock,mayors_in_alberta,alberta
Dale Kent,mayors_in_alberta,alberta
Chris Warwick,mayors_in_alberta,alberta
Anita Miller,mayors_in_alberta,alberta
Todd Skaret,mayors_in_alberta,alberta
Dennis Steil,mayors_in_alberta,alberta
Crystal McAteer,mayors_in_alberta,alberta
Linda Cox,mayors_in_alberta,alberta
Craig Snodgrass,mayors_in_alberta,alberta
Monte Christensen,mayors_in_alberta,alberta
Hazel Reintjes,mayors_in_alberta,alberta
Marcel Michaels,mayors_in_alberta,alberta
Mark Giebelhaus,mayors_in_alberta,alberta
Gary Burns,mayors_in_alberta,alberta
Lee Van Koughnett,mayors_in_alberta,alberta
Tim Frank,mayors_in_alberta,alberta
Gary Burgess,mayors_in_alberta,alberta
Brian Reeves,mayors_in_alberta,alberta
Dave Schebek,mayors_in_alberta,alberta
Brian Spiller,mayors_in_alberta,alberta
Aaron Cannan,mayors_in_alberta,alberta
Dennis Fuder,mayors_in_alberta,alberta
Dennis Tracz,mayors_in_alberta,alberta
Chad Newton,mayors_in_alberta,alberta
Gary Tym,mayors_in_alberta,alberta
Rex Nielsen,mayors_in_alberta,alberta
Robert Thomlinson,mayors_in_alberta,alberta
Richard Ireland,mayors_in_alberta,alberta
J. Bruce Lukey,mayors_in_alberta,alberta
Tim Wiles,mayors_in_alberta,alberta
Floyd Thompson,mayors_in_alberta,alberta
Bud James,mayors_in_alberta,alberta
Daryl Frank,mayors_in_alberta,alberta
Bob Young,mayors_in_alberta,alberta
Omer Moghrabi,mayors_in_alberta,alberta
William Hegy,mayors_in_alberta,alberta
Grant Creasey,mayors_in_alberta,alberta
Paula Law,mayors_in_alberta,alberta
Earle Robertson,mayors_in_alberta,alberta
Bill Skinner,mayors_in_alberta,alberta
Wayne Woldanski,mayors_in_alberta,alberta
Gerald Keane,mayors_in_alberta,alberta
Bob Young,mayors_in_alberta,alberta
John Whaley,mayors_in_alberta,alberta
Carol Tremblay,mayors_in_alberta,alberta
Murray Kerik,mayors_in_alberta,alberta
Chris Spearman,mayors_in_alberta,alberta
Lorne Hickey,mayors_in_alberta,alberta
Vanessa Van Der Meer,mayors_in_alberta,alberta
Gerald Aalbers,mayors_in_alberta,alberta
Brad Koch,mayors_in_alberta,alberta
Kathleen Wight,mayors_in_alberta,alberta
Debra Ann Smith,mayors_in_alberta,alberta
Don Fleming,mayors_in_alberta,alberta
Bill Neufeld,mayors_in_alberta,alberta
Russ Barnett,mayors_in_alberta,alberta
Sunni-Jeanne Walker,mayors_in_alberta,alberta
Dave Huppertz,mayors_in_alberta,alberta
Morgan Wood,mayors_in_alberta,alberta
Kate Patrick,mayors_in_alberta,alberta
Jason Doris,mayors_in_alberta,alberta
Ted Clugston,mayors_in_alberta,alberta
Barry Walker,mayors_in_alberta,alberta
David Hawco,mayors_in_alberta,alberta
Anthony Wadsworth,mayors_in_alberta,alberta
Robert Barry Monner,mayors_in_alberta,alberta
Tom Rafuse,mayors_in_alberta,alberta
Roger Konieczny,mayors_in_alberta,alberta
Lisa Holmes,mayors_in_alberta,alberta
Suzanne Lacher,mayors_in_alberta,alberta
Bruce Beattie,mayors_in_alberta,alberta
Charlie Gargus,mayors_in_alberta,alberta
Kerry McLellan,mayors_in_alberta,alberta
Ed Sosnowski,mayors_in_alberta,alberta
Marg Hannsen,mayors_in_alberta,alberta
Perry Skrlik,mayors_in_alberta,alberta
Rick Everett,mayors_in_alberta,alberta
Molly Douglass,mayors_in_alberta,alberta
Don McDowell,mayors_in_alberta,alberta
Jeff Ludwig,mayors_in_alberta,alberta
Bruce Keeler,mayors_in_alberta,alberta
Cheryl Anderson,mayors_in_alberta,alberta
Garrett Tomlinson,mayors_in_alberta,alberta
Bill Robertson,mayors_in_alberta,alberta
Judy Dahl,mayors_in_alberta,alberta
Dale Krasnow,mayors_in_alberta,alberta
Paul Sinclair,mayors_in_alberta,alberta
Douglas A. Jones,mayors_in_alberta,alberta
Greg Calliou,mayors_in_alberta,alberta
George Glazier,mayors_in_alberta,alberta
Mary Arnold,mayors_in_alberta,alberta
Blair Morton,mayors_in_alberta,alberta
Robney Shaigec,mayors_in_alberta,alberta
Robert Willing,mayors_in_alberta,alberta
Tom Tarpey,mayors_in_alberta,alberta
Iner Gauchier,mayors_in_alberta,alberta
Robert Hornseth,mayors_in_alberta,alberta
Dennis Cooper,mayors_in_alberta,alberta
Wendy Jones,mayors_in_alberta,alberta
Don Anderberg,mayors_in_alberta,alberta
Brian Hammond,mayors_in_alberta,alberta
C. Gordon Wilson,mayors_in_alberta,alberta
Rick Bonnett,mayors_in_alberta,alberta
Paul McLauchlin,mayors_in_alberta,alberta
Debra McDaniel,mayors_in_alberta,alberta
Ken Knox,mayors_in_alberta,alberta
Allan Murray,mayors_in_alberta,alberta
Michelle Farris,mayors_in_alberta,alberta
Cameron Gardner,mayors_in_alberta,alberta
George Bohne,mayors_in_alberta,alberta
Tara Veer,mayors_in_alberta,alberta
Jim Wood,mayors_in_alberta,alberta
Ernie Reimer,mayors_in_alberta,alberta
Mel Smith,mayors_in_alberta,alberta
Elizabeth Erasmus,mayors_in_alberta,alberta
Rick Pankiw,mayors_in_alberta,alberta
Daniel Hiller,mayors_in_alberta,alberta
Fred Nash,mayors_in_alberta,alberta
Greg Boehlke,mayors_in_alberta,alberta
Darcy J. Burke,mayors_in_alberta,alberta
James McTavish,mayors_in_alberta,alberta
Don L. Gibb,mayors_in_alberta,alberta
Louis Belland,mayors_in_alberta,alberta
Joanne Chelick,mayors_in_alberta,alberta
Lavonne Svenson,mayors_in_alberta,alberta
Alvin Hubert,mayors_in_alberta,alberta
Michael Harney,mayors_in_alberta,alberta
Doug Thomas,mayors_in_alberta,alberta
Perry Robinson,mayors_in_alberta,alberta
Claude Lagace,mayors_in_alberta,alberta
Allan Watt,mayors_in_alberta,alberta
Bernie Poulin,mayors_in_alberta,alberta
Tyler Warman,mayors_in_alberta,alberta
Hank Holowaychuk,mayors_in_alberta,alberta
Craig Lukinuk,mayors_in_alberta,alberta
Robert Brochu,mayors_in_alberta,alberta
Blaine Page,mayors_in_alberta,alberta
Sandra Benford,mayors_in_alberta,alberta
Jordon Christianson,mayors_in_alberta,alberta
Allan J. Georget,mayors_in_alberta,alberta
Stanley W. Bzowy,mayors_in_alberta,alberta
Rainbow Williams,mayors_in_alberta,alberta
Stuart Houston,mayors_in_alberta,alberta
Cathy Heron,mayors_in_alberta,alberta
Glenn Andersen,mayors_in_alberta,alberta
Steve Upham,mayors_in_alberta,alberta
Alan Larsen,mayors_in_alberta,alberta
J. Barrie Hoover,mayors_in_alberta,alberta
Gentry Hall,mayors_in_alberta,alberta
Dick Richards,mayors_in_alberta,alberta
Wayne Nixon,mayors_in_alberta,alberta
Ben Nilsson,mayors_in_alberta,alberta
William Choy,mayors_in_alberta,alberta
Roxanne Carr,mayors_in_alberta,alberta
Micheal Ell,mayors_in_alberta,alberta
Tom Flynn,mayors_in_alberta,alberta
Teresa Beets,mayors_in_alberta,alberta
Peter Pellatt,mayors_in_alberta,alberta
Terry Leslie,mayors_in_alberta,alberta
Glen Usselman,mayors_in_alberta,alberta
Morris Nesdole,mayors_in_alberta,alberta
Ann Morrison,mayors_in_alberta,alberta
Craig Wilson,mayors_in_alberta,alberta
Sean McIntyre,mayors_in_alberta,alberta
Andrew Prokop,mayors_in_alberta,alberta
Brian Brewin,mayors_in_alberta,alberta
Wayne Croswell,mayors_in_alberta,alberta
Barry Rasch,mayors_in_alberta,alberta
Timothy J. Shearlaw,mayors_in_alberta,alberta
Harold Neale Conquest,mayors_in_alberta,alberta
Barry Kletke,mayors_in_alberta,alberta
Kelly Tuck,mayors_in_alberta,alberta
Arnold Romaniuk,mayors_in_alberta,alberta
Allen Sayler,mayors_in_alberta,alberta
Bob Lehman,mayors_in_alberta,alberta
Vern Lymburner,mayors_in_alberta,alberta
Margaret Plumtree,mayors_in_alberta,alberta
Myron Hayduk,mayors_in_alberta,alberta
Caroline McAuley,mayors_in_alberta,alberta
Daryl Watt,mayors_in_alberta,alberta
Pat Gorcak,mayors_in_alberta,alberta
David Zayonce,mayors_in_alberta,alberta
Donald Romanko,mayors_in_alberta,alberta
Thomas Grant,mayors_in_alberta,alberta
Jason Schneider,mayors_in_alberta,alberta
Charlene Smylie,mayors_in_alberta,alberta
Brian Bethune,mayors_in_alberta,alberta
Bob Barss,mayors_in_alberta,alberta
Larry Anderson,mayors_in_alberta,alberta
Ralph Van Assen,mayors_in_alberta,alberta
Tyler Lindsay,mayors_in_alberta,alberta
Ross Ford,mayors_in_alberta,alberta
Casey Caron,mayors_in_alberta,alberta
Chris Turnmire,mayors_in_alberta,alberta
Keith Wilson,mayors_in_alberta,alberta
Larry St.Amand,mayors_in_alberta,alberta
Ralph Leriger,mayors_in_alberta,alberta
Don Savage,mayors_in_alberta,alberta
Tyler Gandam,mayors_in_alberta,alberta
Kathy Rooyakkers,mayors_in_alberta,alberta
Glenn Koester,mayors_in_alberta,alberta
Dennis Irving,mayors_in_alberta,alberta
Lorne Thurston,mayors_in_alberta,alberta
Maryann Chichak,mayors_in_alberta,alberta
Ron Rudkowsky,mayors_in_alberta,alberta
Earl Hemmaway,mayors_in_alberta,alberta
Melissa Blake,mayors_in_alberta,alberta
Jim Rennie,mayors_in_alberta,alberta
Gerald Soroka,mayors_in_alberta,alberta
Russ Purdy,mayors_in_alberta,alberta
Robert Blagen,mayors_in_alberta,alberta
Raymond Leonard Gaetz,red_deer,alberta
The Rev. George A. Love,red_deer,alberta
Edward Michener,red_deer,alberta
Halley H. Gaetz,red_deer,alberta
William J. Botterill,red_deer,alberta
Samuel E. McKee,red_deer,alberta
Robert B. Welliver,red_deer,alberta
Francis Wright Galbraith,red_deer,alberta
Francis Wright Galbraith,red_deer,alberta
Stanley N. Carscallen,red_deer,alberta
John A. Carswell,red_deer,alberta
George Smith,red_deer,alberta
William E. Lord,red_deer,alberta
Dr. John Collison,red_deer,alberta
Edgar G. Johns,red_deer,alberta
Dr. Harold J. Snell,red_deer,alberta
Fred Turnbull,red_deer,alberta
W. Peter Code,red_deer,alberta
Edward S. Hogg,red_deer,alberta
Harvey W. Halladay,red_deer,alberta
Dr. Charles R. Bunn,red_deer,alberta
John V. Bettenson,red_deer,alberta
Paul Crawford,red_deer,alberta
Harvey W. Halladay,red_deer,alberta
Jack M. McAfee,red_deer,alberta
Ernest Newman (resigned from office),red_deer,alberta
F.B. Moore (pro tempore),red_deer,alberta
R. E. Barrett,red_deer,alberta
Roy McGregor,red_deer,alberta
Ken Curle,red_deer,alberta
Robert J. McGhee,red_deer,alberta
Gail Surkan,red_deer,alberta
Morris Flewwelling,red_deer,alberta
Tara Veer,red_deer,alberta
Cheri Hebert,st._albert,alberta
Fleuri Perron,st._albert,alberta
Lucien Boudreau,st._albert,alberta
Herbert B. Dawson,st._albert,alberta
Leon Levasseur,st._albert,alberta
J. Arthur Giroux,st._albert,alberta
Alex Perron,st._albert,alberta
Michael Hogan,st._albert,alberta
Richard Poirier,st._albert,alberta
John E Leclair,st._albert,alberta
Eugene Maheux,st._albert,alberta
Neil M. Ross,st._albert,alberta
William Veness,st._albert,alberta
No mayor,st._albert,alberta
William Veness,st._albert,alberta
John de Bruijn,st._albert,alberta
Dick Fowler,st._albert,alberta
Ray Gibbon,st._albert,alberta
Richard Plain,st._albert,alberta
Ronald Harvey,st._albert,alberta
Dick Fowler,st._albert,alberta
Ray Gibbon,st._albert,alberta
Anita Ratchinsky,st._albert,alberta
Paul Chalifoux,st._albert,alberta
Richard Plain,st._albert,alberta
Paul Chalifoux,st._albert,alberta
Nolan Crouse,st._albert,alberta
Cathy Heron,st._albert,alberta
Thomas Bennett (Canadian politician),strathcona,alberta
Robert Ritchie,strathcona,alberta
John Joseph Duggan,strathcona,alberta
John James Mackenzie,strathcona,alberta
Arthur Davies,strathcona,alberta
William Henry Sheppard,strathcona,alberta
Nelson Darius Mills,strathcona,alberta
John Joseph Duggan,strathcona,alberta
Arthur Davies,strathcona,alberta
Alexander Findlay Macdonald,mesa,arizona
Alvin Franklin Stewart,mesa,arizona
Unknown name,mesa,arizona
William Johnson LeBaron,mesa,arizona
James Turman,mesa,arizona
David Tully LeBaron Jr.,mesa,arizona
William A. Kimball,mesa,arizona
Jedidiah Grant Peterson,mesa,arizona
Charles M. Mullen,mesa,arizona
John L. Waring,mesa,arizona
Phil Metz,mesa,arizona
John D. Loper,mesa,arizona
Lionel Brand Johnson,mesa,arizona
John H. Barnett,mesa,arizona
Ralph Fleetwood Palmer,mesa,arizona
John Taylor LeSueur,mesa,arizona
Max Viault,mesa,arizona
Paul Baxter Beville,mesa,arizona
Dan H. Kleinman,mesa,arizona
Robert Scott,mesa,arizona
Jedidiah Grant Peterson,mesa,arizona
Linford B. Werner,mesa,arizona
George Nicholas Goodman,mesa,arizona
John A. Hamblin,mesa,arizona
Zeb Pearce,mesa,arizona
George Nicholas Goodman,mesa,arizona
Frank E. Bendick,mesa,arizona
Oscar Virgil Crismon,mesa,arizona
George Nicholas Goodman,mesa,arizona
Richard G. Johnson Sr.,mesa,arizona
Egbert J. Brown,mesa,arizona
Jack Taylor (Arizona politician,mesa,arizona
Eldon W. Cooley,mesa,arizona
Wayne C. Pomeroy,mesa,arizona
Don W. Strauch,mesa,arizona
Sumner Al Brooks,mesa,arizona
Margaret Peggy Rubach,mesa,arizona
William Willie Wong,mesa,arizona
Wayne Brown (politician,mesa,arizona
Keno L. Hawker,mesa,arizona
Scott Smith (American politician,mesa,arizona
Alex Finter,mesa,arizona
John Giles,mesa,arizona
Terry Goddard,phoenix,arizona
Paul Johnson (American politician,phoenix,arizona
John B. Nelson,phoenix,arizona
Thelda Williams,phoenix,arizona
Skip Rimsza,phoenix,arizona
Phil Gordon (politician,phoenix,arizona
Greg Stanton,phoenix,arizona
Mark Aldrich,tucson,arizona
Sidney Randolph DeLong,tucson,arizona
James Henry Toole,tucson,arizona
Estevan Ochoa,tucson,arizona
Pie Allen,tucson,arizona
James Henry Toole,tucson,arizona
Robert N. Leatherwood,tucson,arizona
John Sterling Carr,tucson,arizona
Pinckney R. Tully,tucson,arizona
Charles M. Strauss,tucson,arizona
Charles T. Etchell,tucson,arizona
Andrew Cronley,tucson,arizona
George Rayfield,tucson,arizona
William E. Stevens,tucson,arizona
Frederick Maish,tucson,arizona
William J. Perry,tucson,arizona
Henry Buehman,tucson,arizona
Gustav A. Hoff,tucson,arizona
Charles J. Schumacher,tucson,arizona
Levi Manning,tucson,arizona
Charles F. Slack,tucson,arizona
Ben Heney,tucson,arizona
Preston Jacobus,tucson,arizona
Ira Erven Huffman,tucson,arizona
Johnston Knox Corbett,tucson,arizona
Olva Clayton Parker,tucson,arizona
John E. White,tucson,arizona
W. A. Julian,tucson,arizona
George K. Smith,tucson,arizona
Henry Jaastad,tucson,arizona
Elbert Thompson Houston,tucson,arizona
J. O. Niemann,tucson,arizona
Fred Artemas Emery Jr.,tucson,arizona
Don Hummel,tucson,arizona
Lewis Walter Davis,tucson,arizona
Jim Corbett,tucson,arizona
Lew Murphy,tucson,arizona
Tom Volgy,tucson,arizona
George Miller,tucson,arizona
Bob Walkup,tucson,arizona
Jonathan Rothschild,tucson,arizona
Dr. Matthew Cunningham,little_rock,arkansas
Rev. W. W. Stevenson,little_rock,arkansas
Elijah A. More,little_rock,arkansas
David Fulton,little_rock,arkansas
James Pitcher,little_rock,arkansas
Jesse Brown,little_rock,arkansas
Dr. Samuel H. Webb,little_rock,arkansas
John Widgery,little_rock,arkansas
Samuel G. Trowbridge,little_rock,arkansas
Thomas S. Reynolds,little_rock,arkansas
Eli Colby,little_rock,arkansas
"William Brown, Sr.",little_rock,arkansas
Lambert J. Reardon,little_rock,arkansas
Dr. Roderick Lathrop (R.L.) Dodge,little_rock,arkansas
Dr. Samuel H. Webb,little_rock,arkansas
Roswell Beebe,little_rock,arkansas
D. J. Baldwin,little_rock,arkansas
John Elliot Knight,little_rock,arkansas
Andre J. Hutt,little_rock,arkansas
Thomas D. Merrick,little_rock,arkansas
Charles (C.P.) Bertrand,little_rock,arkansas
William E. Ashley,little_rock,arkansas
Gordon N. Peay,little_rock,arkansas
William E. Ashley,little_rock,arkansas
"
Upon occupation of Little Rock during the Civil War, city government ceased operations from September 21, 1863 through December 1865.
",little_rock,arkansas
Dr. J. J. McAlmont,little_rock,arkansas
J. W. Hopkins,little_rock,arkansas
John Wassell,little_rock,arkansas
A. K. Hartman,little_rock,arkansas
Jefferson George Botsford,little_rock,arkansas
Robert Francis Catterson,little_rock,arkansas
Frederick G. Kramer,little_rock,arkansas
John Gould Fletcher,little_rock,arkansas
Frederick G. Kramer,little_rock,arkansas
William G. Whipple,little_rock,arkansas
Henry Lewis (H.L.) Fletcher,little_rock,arkansas
M. G. Hall,little_rock,arkansas
James A. Woodson,little_rock,arkansas
W. R. Duley,little_rock,arkansas
Warren E. Lenon,little_rock,arkansas
John Herndon Hollis,little_rock,arkansas
W. R. Duley,little_rock,arkansas
Charles E. Taylor,little_rock,arkansas
Ben D. Brickhouse,little_rock,arkansas
Charles E. Moyer,little_rock,arkansas
Pat L. Robinson,little_rock,arkansas
Horace A. Knowlton,little_rock,arkansas
Richard E. (R.E.) Overman,little_rock,arkansas
"John Vines (J.V.) Satterfield, Jr.",little_rock,arkansas
Charles E. Moyer,little_rock,arkansas
Dan T. Sprick,little_rock,arkansas
Sam M. Wassell,little_rock,arkansas
Pratt C. Remmel,little_rock,arkansas
Woodrow Wilson Mann,little_rock,arkansas
Werner C. Knoop,little_rock,arkansas
Byron R. Morse,little_rock,arkansas
"Harold Sonney Henson, Jr.",little_rock,arkansas
Martin Borchert,little_rock,arkansas
Haco Boyd,little_rock,arkansas
George Wimberly,little_rock,arkansas
W. H. Walters,little_rock,arkansas
George Wimberly,little_rock,arkansas
Donald L. Mehlburger,little_rock,arkansas
A. M. Sandy Keith,little_rock,arkansas
Webster Hubbell,little_rock,arkansas
Charles E. Bussey,little_rock,arkansas
J. W. Buddy Benafield,little_rock,arkansas
Thomas A. Prince,little_rock,arkansas
Lottie Shackelford,little_rock,arkansas
Floyd G. Buddy Villines,little_rock,arkansas
Sharon Priest,little_rock,arkansas
"Dalton J. Jim Dailey, Jr.",little_rock,arkansas
Mark Stodola,little_rock,arkansas
James Hurtle Fisher,adelaide,australia
Thomas Wilson,adelaide,australia
City managed as Government Department,adelaide,australia
City managed by Commissioners,adelaide,australia
James Hurtle Fisher,adelaide,australia
James Hurtle Fisher,adelaide,australia
Joseph Hall,adelaide,australia
John Lazar,adelaide,australia
William Sabben,adelaide,australia
Edmund William Wright,adelaide,australia
Edward Glandfield,adelaide,australia
Thomas English,adelaide,australia
Samuel Goode,adelaide,australia
William Townsend,adelaide,australia
Henry Robert Fuller,adelaide,australia
Judah Moss Solomon,adelaide,australia
Adolph Heinrich Friedrich Bartels,adelaide,australia
William Dixon Allott,adelaide,australia
John Colton,adelaide,australia
Caleb Peacock,adelaide,australia
Henry Scott,adelaide,australia
William Christie Buik,adelaide,australia
Edwin Thomas Smith,adelaide,australia
Henry Robert Fuller,adelaide,australia
William Bundey,adelaide,australia
Edwin Thomas Smith,adelaide,australia
Sir Edwin Thomas Smith,adelaide,australia
James Shaw,adelaide,australia
Lewis Cohen,adelaide,australia
Frederick William Bullock,adelaide,australia
Charles Willcox,adelaide,australia
Charles Tucker,adelaide,australia
Arthur Wellington Ware,adelaide,australia
Lewis Cohen,adelaide,australia
Theodore Bruce,adelaide,australia
Frank Johnson,adelaide,australia
Lewis Cohen,adelaide,australia
Sir John Lavington Bonython[3],adelaide,australia
Alfred Allen Simpson,adelaide,australia
Isaac Isaacs,adelaide,australia
Charles Richmond Glover,adelaide,australia
Vaiben Louis Solomon,darwin,australia
Robert Toupein,darwin,australia
Douglas Watts,darwin,australia
J Burton,darwin,australia
John Tiger Lyons,darwin,australia
Lucius Richardson,darwin,australia
Harry Chan,darwin,australia
Harold Tiger Brennan,darwin,australia
Ella Stack,darwin,australia
Ella Stack,darwin,australia
Cecil Black,darwin,australia
Alec Fong Lim,darwin,australia
Alan Markham,darwin,australia
George Brown,darwin,australia
Peter Adamson,darwin,australia
Garry Lambert,darwin,australia
Graeme Sawyer,darwin,australia
Katrina Fong Lim,darwin,australia
Kon Vatskalis,darwin,australia
Joseph Bischoff,linz,austria
Reinhold Krner,linz,austria
Johann Heinrich Jungwirth,linz,austria
Josef Dierzer von Traunthal,linz,austria
Vinzenz Fink,linz,austria
Reinhold Krner,linz,austria
Viktor Drouot,linz,austria
Karl Wiser,linz,austria
Johann Evangelist Wimhlzel,linz,austria
Franz Poche,linz,austria
Gustav Eder,linz,austria
Franz Dinghofer,linz,austria
Josef Dametz,linz,austria
Robert Mehr,linz,austria
Eduard Euller,linz,austria
Josef Gruber,linz,austria
Sepp Wolkerstorfer,linz,austria
Leopold Sturma,linz,austria
Franz Langoth,linz,austria
Ernst Koref,linz,austria
Edmund Aigner,linz,austria
Theodor Grill,linz,austria
Franz Hillinger,linz,austria
Hugo Schanovsky,linz,austria
Franz Dobusch,linz,austria
Klaus Luger,linz,austria
Konrad Poll,vienna,austria
Heinrich Hansgraf,vienna,austria
Konrad von Eslarn,vienna,austria
Konrad Poll,vienna,austria
Heinrich Chrannest,vienna,austria
Dietrich von Kahlenberg,vienna,austria
Heinrich von d. Neisse,vienna,austria
Niklas von Eslarn,vienna,austria
Niklas von Eslarn,vienna,austria
Heinrich von d. Neisse,vienna,austria
Niklas Poll,vienna,austria
Hermann von St. Plten,vienna,austria
Niklas von Eslarn,vienna,austria
Hermann von St. Plten,vienna,austria
Otto Wlfleinstorfer,vienna,austria
Stephan Chriegler,vienna,austria
Niklas Poll,vienna,austria
Stephan Chriegler,vienna,austria
Heinrich Lang,vienna,austria
Dietrich Urbetsch,vienna,austria
Hermann Snaezl,vienna,austria
Dietrich Urbetsch,vienna,austria
Konrad von Eslarn,vienna,austria
Berthold Poll,vienna,austria
Konrad Wiltwerker,vienna,austria
Hagen von Spielberg,vienna,austria
Reinprecht Zaunrd,vienna,austria
Friedrich von Tierna,vienna,austria
Dietrich Flusthart,vienna,austria
Friedrich von Tierna,vienna,austria
Heinrich Wrfel,vienna,austria
Dietrich Flusthart,vienna,austria
Haunold Schuchler the Elder,vienna,austria
Leopold Polz,vienna,austria
Heinrich Straicher,vienna,austria
Haunold Schuchler the Elder,vienna,austria
Leopold Polz,vienna,austria
Heinrich Straicher,vienna,austria
Haunold Schuchler the Elder,vienna,austria
Hans von Tierna,vienna,austria
Friedrich Rschl,vienna,austria
Lukas Popfinger,vienna,austria
Thomas Swaeml,vienna,austria
Niklas Wrfel,vienna,austria
Thomas Swaeml,vienna,austria
Ulrich Rl,vienna,austria
Jans am Kienmarkt,vienna,austria
Paul Holzkufl,vienna,austria
Jans am Kienmarkt,vienna,austria
Paul Holzkufl,vienna,austria
Michael Geukramer,vienna,austria
Paul Holzkufl,vienna,austria
Paul Wrfel,vienna,austria
Jakob Dorn,vienna,austria
Hans Rockh,vienna,austria
Paul Holzkufl,vienna,austria
Berthold Lang,vienna,austria
Paul Wrfel,vienna,austria
Haunold Schuchler the Younger,vienna,austria
Konrad Vorlauf,vienna,austria
Paul Wrfel,vienna,austria
Rudolf Angerfelder,vienna,austria
Konrad Vorlauf,vienna,austria
Konrad Rampersdorffer,vienna,austria
Hans Feldsberger,vienna,austria
Paul Geyr,vienna,austria
Albrecht Zetter,vienna,austria
Rudolf Angerfelder,vienna,austria
Hans Musterer,vienna,austria
Ulrich Gundloch,vienna,austria
Konrad Holzler the Elder,vienna,austria
Hans Scharffenberger,vienna,austria
Paul Wrfel the Younger,vienna,austria
Niklas Undermhimmel,vienna,austria
Konrad Holzler the Elder,vienna,austria
Hans Steger,vienna,austria
Niklas Undermhimmel,vienna,austria
Konrad Holzler the Elder,vienna,austria
Andre Hiltprant,vienna,austria
Hans Steger,vienna,austria
Hans Haringseer,vienna,austria
Hans Steger,vienna,austria
Konrad Holzler the Younger,vienna,austria
Oswald Reicholf,vienna,austria
Niklas Teschler,vienna,austria
Oswald Reicholf,vienna,austria
Konrad Holzler the Younger,vienna,austria
Niklas Teschler,vienna,austria
Thomas Schwarz,vienna,austria
Jakob Starch,vienna,austria
Christian Prenner,vienna,austria
Sebastian Ziegelhauser,vienna,austria
Wolfgang Holzer,vienna,austria
Friedrich Ebmer,vienna,austria
Ulrich Metzleinstorffer,vienna,austria
Martin Enthaimer,vienna,austria
Andreas Schnbrucker,vienna,austria
Hans Heml,vienna,austria
Laurenz Haiden,vienna,austria
Stephan Een,vienna,austria
Leonhard Radauner,vienna,austria
Laurenz Taschendorfer,vienna,austria
Stephan Een,vienna,austria
Paul Keck,vienna,austria
Friedrich Geldreich,vienna,austria
Paul Keck,vienna,austria
Wolfgang Rieder,vienna,austria
Leonhard Lackner,vienna,austria
Wolfgang Zauner,vienna,austria
Paul Keck,vienna,austria
Sigmund Pernfu 1507,vienna,austria
Paul Keck,vienna,austria
Wolfgang Rieder,vienna,austria
Hans S 1511  12,vienna,austria
Leonhard Pudmannsdorfer,vienna,austria
Hans Kuchler,vienna,austria
Friedrich Piesch,vienna,austria
Johann Kaufmann,vienna,austria
Hans S 1516,vienna,austria
Hans Rinner,vienna,austria
Leonhard Pudmannsdorfer,vienna,austria
Wolfgang Kirchhofer,vienna,austria
Hans S 1520,vienna,austria
Martin Siebenbrger,vienna,austria
Gabriel Guetrater,vienna,austria
Hans S 1524  26,vienna,austria
Roman Staudinger,vienna,austria
Sebastian Sulzbeck,vienna,austria
Wolfgang Treu,vienna,austria
Sebastian Eysler,vienna,austria
Wolfgang Treu,vienna,austria
Johann Pilhamer,vienna,austria
Wolfgang Treu,vienna,austria
Hermes Schallautzer,vienna,austria
Paul Pernfu 1540  41,vienna,austria
Stephan Tenck,vienna,austria
Sebastian Schrantz,vienna,austria
Sebastian Hutstocker,vienna,austria
Christoph Hayden,vienna,austria
Sebastian Hutstocker,vienna,austria
Hans bermann,vienna,austria
Georg Prantstetter,vienna,austria
Thomas Siebenbrger,vienna,austria
Hermann Bayr,vienna,austria
Matthias Brunnhofer,vienna,austria
Hans bermann,vienna,austria
Georg Prantstetter,vienna,austria
Hanns von Thau,vienna,austria
Georg Prantstetter,vienna,austria
Hanns von Thau,vienna,austria
Christoph Hutstocker,vienna,austria
Hanns von Thau,vienna,austria
Bartholomus Prantner,vienna,austria
Hanns von Thau,vienna,austria
Bartholomus Prantner,vienna,austria
Oswald Httendorfer,vienna,austria
Hanns von Thau,vienna,austria
Georg Frst,vienna,austria
Bartholomus Prantner,vienna,austria
Paul Steyrer,vienna,austria
Oswald Httendorfer,vienna,austria
Andreas Rieder,vienna,austria
Georg Frst,vienna,austria
Augustin Haffner,vienna,austria
Lukas Lausser,vienna,austria
Daniel Moser,vienna,austria
Veit Resch,vienna,austria
Daniel Moser,vienna,austria
Paul Wiedemann,vienna,austria
Daniel Moser,vienna,austria
Christoph Faoldt,vienna,austria
Konrad Bramber,vienna,austria
Caspar Bernhardt,vienna,austria
Johann Georg Dietmayr,vienna,austria
Thomas Wolfgang Puechenegger,vienna,austria
Johann Georg Dietmayr von Dietmannsdorf,vienna,austria
Johann Christoph Holzner,vienna,austria
Johann Georg Dietmayr von Dietmannsdorf,vienna,austria
Johann Christoph Holzner,vienna,austria
Daniel Lazarus Springer,vienna,austria
Peter Sebastian Fgenschuh,vienna,austria
Daniel Lazarus Springer,vienna,austria
Johann Andreas von Liebenberg,vienna,austria
Simon Stephan Schuster,vienna,austria
Daniel Fockhy,vienna,austria
Johann Franz Peickhardt,vienna,austria
Jakob Daniel Tepser,vienna,austria
Johann Franz Peickhardt,vienna,austria
Jakob Daniel Tepser,vienna,austria
Johann Franz Wenighoffer,vienna,austria
Johann Lorenz Trunck von Guttenberg,vienna,austria
Josef Hartmann,vienna,austria
Franz Josef Hauer,vienna,austria
Josef Hartmann,vienna,austria
Franz Josef Hauer,vienna,austria
Johann Franz Purck,vienna,austria
Franz Daniel Edler von Bartuska,vienna,austria
Andreas Ludwig Leitgeb,vienna,austria
Johann Adam von Zahlheim,vienna,austria
Peter Joseph Kofler,vienna,austria
Andreas Ludwig Leitgeb,vienna,austria
Peter Joseph Edler von Kofler,vienna,austria
Leopold Franz Gruber,vienna,austria
Josef Anton Bellesini,vienna,austria
Leopold Franz Gruber,vienna,austria
Josef Georg Hrl,vienna,austria
Stephan Edler von Wohlleben,vienna,austria
Anton Joseph Edler von Leeb,vienna,austria
Ignaz Czapka,vienna,austria
Johann Kaspar Freiherr von Seiller,vienna,austria
Andreas Zelinka,vienna,austria
Cajetan Freiherr von Felder,vienna,austria
Julius von Newald,vienna,austria
Eduard Uhl,vienna,austria
Johann Prix,vienna,austria
Raimund Grbl,vienna,austria
Hans von Friebeis,vienna,austria
Josef Strobach,vienna,austria
Karl Lueger,vienna,austria
Josef Neumayer,vienna,austria
Richard Weiskirchner,vienna,austria
Richard Weiskirchner,vienna,austria
Jakob Reumann 1919  22,vienna,austria
,vienna,austria
,vienna,austria
Jakob Reumann,vienna,austria
Karl Seitz,vienna,austria
,vienna,austria
Richard Schmitz,vienna,austria
,vienna,austria
Hermann Neubacher,vienna,austria
Philipp Wilhelm Jung,vienna,austria
Hanns Blaschke,vienna,austria
,vienna,austria
Rudolf Prikryl,vienna,austria
Theodor K&#xF6;rner,vienna,austria
Franz Jonas,vienna,austria
Bruno Marek,vienna,austria
Felix Slavik,vienna,austria
Leopold Gratz,vienna,austria
Helmut Zilk,vienna,austria
Michael H&#xE4;upl,vienna,austria
Michael Ludwig,vienna,austria
"Willem Draeck, Lord of Merksem.",antwerp,belgium
"Gilles of Berchem, Knight.",antwerp,belgium
"Henry van der Moelen, Knight.",antwerp,belgium
"Gilles of Berchem, Knight.",antwerp,belgium
,antwerp,belgium
Arnold of Lierre.,antwerp,belgium
"John of Berchem, Knight.",antwerp,belgium
"Willem Draeck, Lord of Merksem, Knight.",antwerp,belgium
Willem of Immerseele.,antwerp,belgium
Arnold van de Werve.,antwerp,belgium
Arnold van de Werve.,antwerp,belgium
"Arnold of Lierre, Knight.",antwerp,belgium
"Willem Draeck, Lord of Merksem, Knight.",antwerp,belgium
"John I van de Werve, Knight.",antwerp,belgium
Gilles of Berchem.,antwerp,belgium
"Gilles of Berchem, until death.",antwerp,belgium
"Willem Draeck, Lord of Merksem, Knight.",antwerp,belgium
"John van de Werve, Knight / Willem Draeck.",antwerp,belgium
"Peter van der Moelen, Knight.",antwerp,belgium
"Arnold of Lierre, Knight.",antwerp,belgium
"Gerald van de Werve, 5th Lord of Hovorst, Knight.",antwerp,belgium
"Willem Draeck, Lord of Merksem, Knight.",antwerp,belgium
Arnold van de Werve.,antwerp,belgium
"Willem Draeck, Lord of Merksem, Knight.",antwerp,belgium
Arnold van de Werve.,antwerp,belgium
"Willem of Lierre, Knight.",antwerp,belgium
"Arnold of Lierre, Knight.",antwerp,belgium
Gaspard of Halmale.,antwerp,belgium
"Gerald van de Werve, 5th Lord of Hovorst, Knight.",antwerp,belgium
Willem of Lierre.,antwerp,belgium
Arnold van de Werve.,antwerp,belgium
"Arnold van de Werve/ Willem of Lierre, Knight.",antwerp,belgium
Lancelot II of Ursel,antwerp,belgium
"Cornelius, Lord of Spangen.",antwerp,belgium
"Frans van der Dilft, Knight.",antwerp,belgium
"Cornelius, Lord of Spangen.",antwerp,belgium
"Frans van der Dilft, Knight.",antwerp,belgium
"Cornelius, Lord of Spangen.",antwerp,belgium
"Cornelius, Lord of Spangen.",antwerp,belgium
"Lancelot II of Ursel, Knight.",antwerp,belgium
"Lancelot II of Ursel, Knight.",antwerp,belgium
"Lancelot II of Ursel, Knight.",antwerp,belgium
"Anthony van Stralen, Lord of Merksem",antwerp,belgium
"Anthony van Stralen, Lord of Merksem",antwerp,belgium
"Anthony van Stralen, Lord of Merksem",antwerp,belgium
"Lancelot II of Ursel, Knight.",antwerp,belgium
"Lancelot II of Ursel, Knight.",antwerp,belgium
"Lancelot II of Ursel, Knight.",antwerp,belgium
"Lancelot II of Ursel, Knight.",antwerp,belgium
"Lancelot II of Ursel, Knight.",antwerp,belgium
John van Stralen.,antwerp,belgium
"Philips of Marnix, Lord of Saint-Aldegonde",antwerp,belgium
"Philips of Marnix, Lord of Saint-Aldegonde",antwerp,belgium
"Jacobus Dassa , Knight.",antwerp,belgium
"Jacobus Dassa , Knight.",antwerp,belgium
"Eduard van der Dilft, Knight.",antwerp,belgium
Nicolaas II Rockox.,antwerp,belgium
"Jacobus Dassa, Knight.",antwerp,belgium
Nicolaas II Rockox.,antwerp,belgium
"Blaise de Bejar, knight.",antwerp,belgium
"Blaise de Bejar, knight.",antwerp,belgium
Nicolaas II Rockox.,antwerp,belgium
Nicolaas II Rockox.,antwerp,belgium
"Jacobus Dassa , Knight.",antwerp,belgium
Nicolaas II Rockox.,antwerp,belgium
"Blaise de Bejar, knight.",antwerp,belgium
"Blaise de Bejar, knight.",antwerp,belgium
"Jacobus Dassa, Knight.",antwerp,belgium
Nicolaas II Rockox.,antwerp,belgium
"Blaise de Bejar, knight.",antwerp,belgium
Nicolaas II Rockox.,antwerp,belgium
"Lancelot t Seraets, Knight.",antwerp,belgium
Hendrik van Etten.,antwerp,belgium
Nicolaas II Rockox.,antwerp,belgium
Jan van Stembor.,antwerp,belgium
"Jan Happart, Knight.",antwerp,belgium
Engelbertus van Oyenbrugghe.,antwerp,belgium
Nicolaas II Rockox.,antwerp,belgium
Robert Tucher.,antwerp,belgium
Gallo di Salamanca.,antwerp,belgium
Anthony Sivory.,antwerp,belgium
Anthony Sivory.,antwerp,belgium
Anthony Sivory.,antwerp,belgium
Hendrik van Etten.,antwerp,belgium
Anthony Sivory.,antwerp,belgium
"John de Bejar, Lord of Westackerre.",antwerp,belgium
"Alexander Goubau, Lord of Gyseghem.",antwerp,belgium
"Alexander Goubau, Lord of Gyseghem.",antwerp,belgium
"Alexander Goubau, Lord of Gyseghem.",antwerp,belgium
Charles Joseph della Faille,antwerp,belgium
"Charles Joseph della Faille,",antwerp,belgium
"John Auguste, Baron of Hove",antwerp,belgium
"John Auguste, Baron of Hove",antwerp,belgium
Charles Joseph della Faille,antwerp,belgium
Charles Joseph della Faille,antwerp,belgium
Charles Joseph della Faille,antwerp,belgium
"Peter Frans of Schorel, Lord of Wilryck",antwerp,belgium
"Peter Frans of Schorel, Lord of Wilryck",antwerp,belgium
"Peter Frans of Schorel, Lord of Wilryck",antwerp,belgium
"Peter Frans of Schorel, Lord of Wilryck",antwerp,belgium
"Peter Frans of Schorel, Lord of Wilryck",antwerp,belgium
"Peter Frans of Schorel, Lord of Wilryck",antwerp,belgium
"John-Baptiste, Count of Baillet",antwerp,belgium
"John-Baptiste, Count of Baillet",antwerp,belgium
"Jacob Reynoud, Cornelis Reyns, Karel d&apos;Or,
Peeter Guedon, Steven Abbeltier, Hendrik Franck",antwerp,belgium
"Jan Martinides, Frans Verbelen",antwerp,belgium
"Frans Verbelen, Jan Gabri&#xEB;ls, Josef Georgerie",antwerp,belgium
"Josef Georgerie,
Peeter Raeymaekers",antwerp,belgium
Jan Steven Werbrouck,antwerp,belgium
Jan Baptist de Cornelissen,antwerp,belgium
Filip Vermoelen,antwerp,belgium
Florent Van Ertborn,antwerp,belgium
Willem Andreas de Caters,antwerp,belgium
Frans Verdussen,antwerp,belgium
Antoine Dhanis van Cannart,antwerp,belgium
Alexis Gleizes,antwerp,belgium
G&#xE9;rard Le Grelle,antwerp,belgium
Jan Frans Loos,antwerp,belgium
Xavier Gheysens,antwerp,belgium
Jozef Cornelis Van Put,antwerp,belgium
Leopold De Wael,antwerp,belgium
Georges Gits,antwerp,belgium
Jan Van Rijswijck,antwerp,belgium
Victor Desguin,antwerp,belgium
Alfons Hertogs,antwerp,belgium
Victor Desguin,antwerp,belgium
Jan De Vos,antwerp,belgium
Hector Lebon,antwerp,belgium
Frans Van Cauwelaert,antwerp,belgium
Camille Huysmans,antwerp,belgium
Leo Delwaide (acting),antwerp,belgium
Jan Timmermans (acting),antwerp,belgium
"Emile Van Put
(acting)",antwerp,belgium
Willem Eekelers (acting),antwerp,belgium
Lode Craeybeckx,antwerp,belgium
Leo Delwaide (acting),antwerp,belgium
Frans Deti&#xE8;ge,antwerp,belgium
Mathilde Schroyens,antwerp,belgium
Bob Cools,antwerp,belgium
Leona Deti&#xE8;ge,antwerp,belgium
Jean-Baptiste Coppieters &apos;t Wallant,bruges,belgium
Jean-Marie de Pelichy van Huerne,bruges,belgium
Jules Boyaval,bruges,belgium
Amed&#xE9;e Visart de Bocarm&#xE9;,bruges,belgium
Victor Van Hoestenberghe,bruges,belgium
Pierre Vandamme,bruges,belgium
Michel Van Maele,bruges,belgium
Frank Van Acker,bruges,belgium
Fernand Bourdon,bruges,belgium
Patrick Moenaert,bruges,belgium
Renaat Landuyt,bruges,belgium
Geert Pipenpoy,brussels,belgium
Geert Pipenpoy and Jacques Stovaert,brussels,belgium
"J. Swaeff, J. Cooman",brussels,belgium
"Walter Vanden Heetvelde, Petrus van Bolenbeke",brussels,belgium
"Guillaume de Kesterbeke, Jan van Muysen",brussels,belgium
"Jan van Coundeberg, called Rolibuc, Gielis Daneels,",brussels,belgium
"Willem van Herzele, J. de Schore, called de Briedere",brussels,belgium
"Wenceslas t'Serclaes, J. Rampaert",brussels,belgium
"Jean de Hertoghe, Michel de Mabeert",brussels,belgium
"H. Magnus, J. de Broeckhoven",brussels,belgium
"Willem van Kesterbeke, Daniel Poelbroot",brussels,belgium
"Simon van Ophem, J. de Schore, called de Briedere",brussels,belgium
"Walter, son of Gerard Pipenpoy, J. Roypens",brussels,belgium
"Wenceslas t'Serclaes, Flix de Hont",brussels,belgium
"J. Bernaige, H. de Beringen",brussels,belgium
Jean de Frigidomonte,brussels,belgium
"Walter Vandernoot, J. Rampaert",brussels,belgium
"Walter Vanden Winckele, Arnout Wellems, said Van Almkercke",brussels,belgium
"Henri Taye, J. van Broeckhoven",brussels,belgium
"Everard t'Serarnts, Jean Ofhuys",brussels,belgium
"Jan de Mol, son of Jan, J. Bogaert",brussels,belgium
"Nicolaas Vanden Heetvelde, J. Rampaert",brussels,belgium
"Walter, son of Walter Vandernoot, Arnout Wellems, called Van Almkercke",brussels,belgium
"Jan de Frigidomonte, God. Taye",brussels,belgium
"J. t'Serclaes, J. de Schore",brussels,belgium
"Jan, son of Jan de Mol, Gerard Pipenpoy, died on 4 septembre; replaced by J. Vanden Driessche",brussels,belgium
"Nicolaas Vanden Heetvelde, H. Vander Straeten, called Meeus",brussels,belgium
"Wenceslas T'Serclaes, Martin Wegsken, called Snellaert",brussels,belgium
"Antoine Mennen, Arnoul Wellems, called Van Almkercke",brussels,belgium
"Walter Vandernoot, Nicolas Vanden Driele",brussels,belgium
"Jean Vandernoot, Guill. Utenberge",brussels,belgium
"Nicolas Vanden Heetvelde, H. Vander Straeten",brussels,belgium
"Amelric Was, J. Cambier",brussels,belgium
"Everard T'Serarnts, Joos Westveling",brussels,belgium
"J. de Mol, J. de Blare",brussels,belgium
"Jan, son of Walter Vandernoot, J. Eggerix",brussels,belgium
"Thierry de Mol, Josse de Pape",brussels,belgium
"Amelric Was, Guill. Rampaert",brussels,belgium
"Walter Vanden Winckele, J. Cambier",brussels,belgium
"Philippe Van Nieuwenhove, Albertin Frenier",brussels,belgium
"Siger Vanden Heetvelde, J. Eggerix",brussels,belgium
"J. de Mol, J. Giellaert",brussels,belgium
"Amelric Was,",brussels,belgium
"Walter Vanden Winckele, Gerelin de Moor, called in den Sleutel",brussels,belgium
"Walter Vandernoot, Joos Westveling",brussels,belgium
"Petrus Pipenpoy, Willem de Smeth",brussels,belgium
"Jan Schat, J. de Poelke",brussels,belgium
"Everard t'Serclaes, Jan Offhuys",brussels,belgium
"H. Heenkenshoot, Adam Vandersleehagen",brussels,belgium
"Amelric Was, H. de Mol, dit Cooman",brussels,belgium
"Walter Vandernoot (lord of Risoir), J. Vander Moelen",brussels,belgium
"Antoon Thonys, J. Cambier",brussels,belgium
"Conrad Vander Neeren, J. de Poelke",brussels,belgium
"J. de Mol, Jacob Vanden Poele, called Poelman",brussels,belgium
"H. Heenkenshoot, Adam de Bogaerden, called Jordaens",brussels,belgium
"Nicolas Vanden Heetvelde, J. Ofhuys",brussels,belgium
"Costin de Limelette, Gerelin de Moor, called in den Sleutel",brussels,belgium
"J. Schat, J. Eeckaert",brussels,belgium
"J. Vander Meeren, Arnoul Vanden Plassche",brussels,belgium
H. Vander Meeren,brussels,belgium
"H. t'Serarnts, God. Wyngaert",brussels,belgium
"Roland de Mol, Thierry Ruttens",brussels,belgium
"Wenceslas t'Serclaes, Petrus de Jonge",brussels,belgium
"J. Bernsige, J. Mosselman",brussels,belgium
"J. van Buyssegem, J. de Poelke",brussels,belgium
H. Vander Meeren,brussels,belgium
"Roland de Mol, Ren Van Thienen",brussels,belgium
"Pierre Was, Engelbert Vander Moelen",brussels,belgium
"H. de Mol, Jacques de Ruwe",brussels,belgium
Adriaan van Assche,brussels,belgium
Willem T'Serclaes,brussels,belgium
"J. de Heemvliet, J. de Walsche",brussels,belgium
"Willem T'Serclaes, J. de Poelke",brussels,belgium
"Hector Vandernoot, Ren Van Thienen",brussels,belgium
"Jan van Catthem, Joos Zegers",brussels,belgium
"Adriaan van Droogenbroeck, Petrus Goessens",brussels,belgium
"Helegast Vander Meeren, J. Van Zennen",brussels,belgium
Jan Vander Meeren,brussels,belgium
"Guill. Van Bitterswyck, J. Moyensoene",brussels,belgium
"J. Vanden Heetvelde, Simon Van Doerne",brussels,belgium
"Amelric Was, Jacques de Ruwe",brussels,belgium
"Gielis Van Aelst, Pierre Goessens",brussels,belgium
"Wenceslas T'Serclaes, J. de Walssche",brussels,belgium
Jan Van Nieuwenhove,brussels,belgium
Jan de Locquenghien,brussels,belgium
"Jacob Taye, lord of Gooik",brussels,belgium
"Antoon Quarr, Petrus Cuyerman",brussels,belgium
"Karel van Brecht, Frans Jacobs",brussels,belgium
"Leonard Vandenhecke, Willem de Smet",brussels,belgium
"Jacob Taye, Simon de Sailly",brussels,belgium
"Leonard Vandenhecke, Adriaan Van Conincxloo",brussels,belgium
Hendrik de Bloyere,brussels,belgium
"Jacques Taye, J. Van Geersmeutere",brussels,belgium
"Lanceloot II Schets, 2nd Count of Grobbendonck, baron de Wesemale, J. Van Gersmeutere",brussels,belgium
"Philippe de Rodoan, lord of Bergeghem",brussels,belgium
"Hendrik van Dongelberghe, Gabriel Van Bemmel",brussels,belgium
"Gielis de Busleyden, Willem de Vaddere",brussels,belgium
"Henri de Dongelberghe, Arnold Addiers",brussels,belgium
Franois de Senft,brussels,belgium
"Hendrik van Dongelberghe, Willem de Vaddere",brussels,belgium
"Karel van Lathem, Grard Mouton",brussels,belgium
"J. Duquesnoy, Lord van Steen",brussels,belgium
"Hendrik van Dongelberghe, Arnold Addiers",brussels,belgium
"Karel van Lathem, Grard Mouton",brussels,belgium
"Hendrik van Dongelberghe, Arnold Addiers",brussels,belgium
"Jacques Vandernoot, seigneur de Kiesekem, Grard Mouton",brussels,belgium
"gide de Busleyden, Guillaume de Smet",brussels,belgium
"Charles de Lathem, Simon de Sailly",brussels,belgium
"Hendrik van Dongelberghe, Arnold Addiers",brussels,belgium
"Englebert de Taye, baron of Wemmel.",brussels,belgium
Franois de Dongelberghe,brussels,belgium
Charles-Lopold Fierlant,brussels,belgium
"Roger-Wauthier van der Noot, 1st Baron of Carloo",brussels,belgium
"Charles van den Berghen, comte de Limminghe",brussels,belgium
Jean Baptiste Aurelius Walhorn,brussels,belgium
Jean-Baptiste Verlooy,brussels,belgium
"Paul Arconati-Visconti, Marquess of Busto",brussels,belgium
Nicolas Rouppe,brussels,belgium
Van Langenhoven,brussels,belgium
Devious,brussels,belgium
Charles de Mrode,brussels,belgium
"Charles-Joseph, 4th Duke d'Ursel",brussels,belgium
Baron Louis de Wellens,brussels,belgium
Nicolas-Jean Rouppe,brussels,belgium
Guillaume-Hippolyte van Volxem,brussels,belgium
Fran&#xE7;ois-Jean Wyns de Raucour,brussels,belgium
Charles de Brouck&#xE8;re,brussels,belgium
Andr&#xE9;-Napol&#xE9;on Fontainas,brussels,belgium
Jules Anspach,brussels,belgium
Felix Vanderstraeten,brussels,belgium
Charles Buls,brussels,belgium
Emile De Mot,brussels,belgium
Adolphe Max,brussels,belgium
Joseph Van De Meulebroeck,brussels,belgium
Lucien Cooremans,brussels,belgium
Pierre Van Halteren,brussels,belgium
Herv&#xE9; Brouhon,brussels,belgium
Michel Demaret,brussels,belgium
Freddy Thielemans,brussels,belgium
Fran&#xE7;ois-Xavier de Donnea,brussels,belgium
Freddy Thielemans,brussels,belgium
,brussels,belgium
Yvan Mayeur,brussels,belgium
Philippe Close,brussels,belgium
Joseph Van Crombrugghe,ghent,belgium
Jean-Baptiste Minne-Barth,ghent,belgium
Joseph Van Crombrugghe 2,ghent,belgium
Constant de Kerchove de Denterghem,ghent,belgium
Josse Joseph de Lehaye,ghent,belgium
Joseph S&#xE9;bastien della Faille d&apos;Assenede,ghent,belgium
Philippe Louis Vilain XIIII,ghent,belgium
Pierre Joseph Pycke de Ten Aerde,ghent,belgium
Josse vander Haeghen,ghent,belgium
Charles de Kerchove de Denterghem,ghent,belgium
Hippolyte Lippens,ghent,belgium
Emile Braun,ghent,belgium
Edward Anseele sr acting mayor,ghent,belgium
Alfred Vanderstegen,ghent,belgium
Hendrik Elias effective mayor Not mentioned on official list.,ghent,belgium
"Edward Anseele, Jr. acting mayor",ghent,belgium
Emile Claeys,ghent,belgium
Laurent Merchiers,ghent,belgium
Emile Claeys 2,ghent,belgium
Geeraard Van den Daele,ghent,belgium
Neile van Davise,ghent,belgium
Placide De Paepe,ghent,belgium
Jacques Monsaert,ghent,belgium
Gilbert Temmerman,ghent,belgium
